person_id,uin,given_name,family_name,sex,birth_date,birth_place_district_code,life_status,death_date,observed_at,source_system
CP-000001,2300010248,Mateo,Santos,male,2022-03-14,XS-0101,alive,,2026-07-04T09:00:00Z,CRA-CORE
CP-000002,2300018263,Elena,Dela Cruz,female,1992-11-02,XS-0101,alive,,2026-07-04T09:00:00Z,CRA-CORE
CP-000003,2300027390,Luis,Okafor,male,1989-08-20,XS-0101,alive,,2026-07-04T09:00:00Z,CRA-CORE
CP-000004,2300036523,Hana,Aquino,female,2021-01-29,XS-0301,alive,,2026-07-04T09:00:00Z,CRA-CORE
CP-000005,2300045650,Priya,Mensah,female,1985-07-08,XS-0301,alive,,2026-07-04T09:00:00Z,CRA-CORE
CP-000006,2300054788,Tomas,Bello,male,2020-06-17,XS-0302,alive,,2026-07-04T09:00:00Z,CRA-CORE
CP-000007,2300063915,Joana,Bello,female,1985-09-10,XS-0302,alive,,2026-07-04T09:00:00Z,CRA-CORE
CP-000008,2300073046,Karim,Kone,male,2020-05-18,XS-0202,alive,,2026-07-04T09:00:00Z,CRA-CORE
CP-000009,2300082172,Aisha,Kone,female,1981-04-23,XS-0202,alive,,2026-07-04T09:00:00Z,CRA-CORE
CP-000010,2300091305,Esteban,Cruz,male,2019-12-12,XS-0203,deceased,2026-02-14,2026-07-04T09:00:00Z,CRA-CORE
CP-000011,2300100431,Miriam,Cruz,female,1988-12-12,XS-0203,alive,,2026-07-04T09:00:00Z,CRA-CORE
CP-000012,2300109568,Rafael,Nkomo,male,1944-02-01,XS-0301,deceased,2026-03-03,2026-07-04T09:00:00Z,CRA-CORE
CP-000013,2300118698,Imani,Nkomo,female,1950-10-03,XS-0301,alive,,2026-07-04T09:00:00Z,CRA-CORE
CP-000014,2300127827,Otto,Ferreira,male,1947-05-05,XS-0302,alive,,2026-07-04T09:00:00Z,CRA-CORE
CP-000015,2300136959,Lucia,Ferreira,female,1951-06-30,XS-0302,alive,,2026-07-04T09:00:00Z,CRA-CORE
CP-000016,2300146081,Mina,Rahman,female,1980-03-19,XS-0303,alive,,2026-07-04T09:00:00Z,CRA-CORE
CP-000017,2300155218,Pavel,Rahman,male,1979-01-11,XS-0303,deceased,2026-04-09,2026-07-04T09:00:00Z,CRA-CORE
CP-000018,2300164345,Amina,Kone,female,1988-02-22,XS-0103,alive,,2026-07-04T09:00:00Z,CRA-CORE
CP-000019,2300173478,Diego,Santos,male,1976-04-04,XS-0102,alive,,2026-07-04T09:00:00Z,CRA-CORE
CP-000020,2300182600,Noor,Patel,female,1990-09-09,XS-0402,alive,,2026-07-04T09:00:00Z,CRA-CORE
CP-000021,2300191733,Beatriz,Okafor,female,1982-10-10,XS-0401,alive,,2026-07-04T09:00:00Z,CRA-CORE
CP-000022,2300200865,Sefu,Dela Cruz,male,1984-12-01,XS-0403,alive,,2026-07-04T09:00:00Z,CRA-CORE
CP-000023,2310209990,Rafi23,Aquino,female,1989-02-19,XS-0402,alive,,2026-07-04T09:00:00Z,CRA-CORE
CP-000024,2310219126,Ari24,Kone,male,1970-07-16,XS-0403,alive,,2026-07-04T09:00:00Z,CRA-CORE
CP-000025,2310228253,Mika25,Mensah,female,2017-02-23,XS-0101,alive,,2026-07-04T09:00:00Z,CRA-CORE
CP-000026,2310237380,Nela26,Raman,male,1999-06-14,XS-0102,alive,,2026-07-04T09:00:00Z,CRA-CORE
CP-000027,2310246514,Tomas27,Almeida,female,1957-02-15,XS-0103,alive,,2026-07-04T09:00:00Z,CRA-CORE
CP-000028,2310255646,Lina28,Mori,male,2006-09-28,XS-0201,alive,,2026-07-04T09:00:00Z,CRA-CORE
CP-000029,2310264776,Zaid29,Khan,female,1985-03-07,XS-0202,alive,,2026-07-04T09:00:00Z,CRA-CORE
CP-000030,2310273903,Rina30,Santos,male,1972-04-07,XS-0203,alive,,2026-07-04T09:00:00Z,CRA-CORE
CP-000031,2310283034,Kiran31,Okafor,female,1967-05-15,XS-0301,alive,,2026-07-04T09:00:00Z,CRA-CORE
CP-000032,2310292169,Eli32,Dela Cruz,male,1987-06-26,XS-0302,alive,,2026-07-04T09:00:00Z,CRA-CORE
CP-000033,2310301292,Mara33,Aquino,female,2010-05-05,XS-0303,alive,,2026-07-04T09:00:00Z,CRA-CORE
CP-000034,2310310425,Tala34,Kone,male,1990-12-20,XS-0401,alive,,2026-07-04T09:00:00Z,CRA-CORE
CP-000035,2310319558,Rafi35,Mensah,female,1950-03-19,XS-0402,alive,,2026-07-04T09:00:00Z,CRA-CORE
CP-000036,2310328686,Ari36,Raman,male,1999-08-13,XS-0403,alive,,2026-07-04T09:00:00Z,CRA-CORE
CP-000037,2310337812,Mika37,Almeida,female,1987-09-03,XS-0101,alive,,2026-07-04T09:00:00Z,CRA-CORE
CP-000038,2310346943,Nela38,Mori,male,1992-06-06,XS-0102,alive,,2026-07-04T09:00:00Z,CRA-CORE
CP-000039,2310356076,Tomas39,Khan,female,2014-05-01,XS-0103,alive,,2026-07-04T09:00:00Z,CRA-CORE
CP-000040,2310365207,Lina40,Santos,male,2016-09-28,XS-0201,alive,,2026-07-04T09:00:00Z,CRA-CORE
CP-000041,2310374331,Zaid41,Okafor,female,2017-11-15,XS-0202,alive,,2026-07-04T09:00:00Z,CRA-CORE
CP-000042,2310383467,Rina42,Dela Cruz,male,1996-07-13,XS-0203,alive,,2026-07-04T09:00:00Z,CRA-CORE
CP-000043,2310392598,Kiran43,Aquino,female,2013-06-24,XS-0301,alive,,2026-07-04T09:00:00Z,CRA-CORE
CP-000044,2310401728,Eli44,Kone,male,1990-12-01,XS-0302,alive,,2026-07-04T09:00:00Z,CRA-CORE
CP-000045,2310410852,Mara45,Mensah,female,2018-05-07,XS-0303,alive,,2026-07-04T09:00:00Z,CRA-CORE
CP-000046,2310419983,Tala46,Raman,male,2018-03-18,XS-0401,alive,,2026-07-04T09:00:00Z,CRA-CORE
CP-000047,2310429113,Rafi47,Almeida,female,2020-12-23,XS-0402,alive,,2026-07-04T09:00:00Z,CRA-CORE
CP-000048,2310438240,Ari48,Mori,male,2012-08-24,XS-0403,alive,,2026-07-04T09:00:00Z,CRA-CORE
CP-000049,2310447379,Mika49,Khan,female,2017-01-15,XS-0101,alive,,2026-07-04T09:00:00Z,CRA-CORE
CP-000050,2310456507,Nela50,Santos,male,2000-12-24,XS-0102,alive,,2026-07-04T09:00:00Z,CRA-CORE
CP-000051,2310465637,Tomas51,Okafor,female,1999-06-12,XS-0103,alive,,2026-07-04T09:00:00Z,CRA-CORE
CP-000052,2310474769,Lina52,Dela Cruz,male,1981-07-24,XS-0201,alive,,2026-07-04T09:00:00Z,CRA-CORE
CP-000053,2310483890,Zaid53,Aquino,female,1962-06-17,XS-0202,alive,,2026-07-04T09:00:00Z,CRA-CORE
CP-000054,2310493025,Rina54,Kone,male,1976-08-26,XS-0203,alive,,2026-07-04T09:00:00Z,CRA-CORE
CP-000055,2310502155,Kiran55,Mensah,female,1978-04-06,XS-0301,alive,,2026-07-04T09:00:00Z,CRA-CORE
CP-000056,2310511281,Eli56,Raman,male,1998-04-25,XS-0302,alive,,2026-07-04T09:00:00Z,CRA-CORE
CP-000057,2310520414,Mara57,Almeida,female,2015-07-18,XS-0303,alive,,2026-07-04T09:00:00Z,CRA-CORE
CP-000058,2310529549,Tala58,Mori,male,2002-08-12,XS-0401,alive,,2026-07-04T09:00:00Z,CRA-CORE
CP-000059,2310538676,Rafi59,Khan,female,1946-04-04,XS-0402,alive,,2026-07-04T09:00:00Z,CRA-CORE
CP-000060,2310547809,Ari60,Santos,male,1970-08-10,XS-0403,alive,,2026-07-04T09:00:00Z,CRA-CORE
CP-000061,2310556939,Mika61,Okafor,female,1969-11-14,XS-0101,alive,,2026-07-04T09:00:00Z,CRA-CORE
CP-000062,2310566061,Nela62,Dela Cruz,male,1993-08-24,XS-0102,alive,,2026-07-04T09:00:00Z,CRA-CORE
CP-000063,2310575190,Tomas63,Aquino,female,2023-05-26,XS-0103,alive,,2026-07-04T09:00:00Z,CRA-CORE
CP-000064,2310584323,Lina64,Kone,male,1984-11-09,XS-0201,alive,,2026-07-04T09:00:00Z,CRA-CORE
CP-000065,2310593457,Zaid65,Mensah,female,2002-07-01,XS-0202,alive,,2026-07-04T09:00:00Z,CRA-CORE
CP-000066,2310602580,Rina66,Raman,male,2011-08-27,XS-0203,alive,,2026-07-04T09:00:00Z,CRA-CORE
CP-000067,2310611719,Kiran67,Almeida,female,1999-03-08,XS-0301,alive,,2026-07-04T09:00:00Z,CRA-CORE
CP-000068,2310620849,Eli68,Mori,male,2005-08-01,XS-0302,alive,,2026-07-04T09:00:00Z,CRA-CORE
CP-000069,2310629979,Mara69,Khan,female,2019-09-20,XS-0303,alive,,2026-07-04T09:00:00Z,CRA-CORE
CP-000070,2310639105,Tala70,Santos,male,2023-01-06,XS-0401,alive,,2026-07-04T09:00:00Z,CRA-CORE
CP-000071,2310648232,Rafi71,Okafor,female,2021-05-04,XS-0402,alive,,2026-07-04T09:00:00Z,CRA-CORE
CP-000072,2310657361,Ari72,Dela Cruz,male,2010-10-12,XS-0403,alive,,2026-07-04T09:00:00Z,CRA-CORE
CP-000073,2310667233,Mika73,Aquino,female,2004-08-06,XS-0101,alive,,2026-07-04T09:00:00Z,CRA-CORE
CP-000074,2310675622,Nela74,Kone,male,2011-09-12,XS-0102,alive,,2026-07-04T09:00:00Z,CRA-CORE
CP-000075,2310684755,Tomas75,Mensah,female,1980-06-18,XS-0103,alive,,2026-07-04T09:00:00Z,CRA-CORE
CP-000076,2310693889,Lina76,Raman,male,1974-11-17,XS-0201,alive,,2026-07-04T09:00:00Z,CRA-CORE
CP-000077,2310703011,Zaid77,Almeida,female,1955-06-06,XS-0202,alive,,2026-07-04T09:00:00Z,CRA-CORE
CP-000078,2310712148,Rina78,Mori,male,1984-01-28,XS-0203,alive,,2026-07-04T09:00:00Z,CRA-CORE
CP-000079,2310721274,Kiran79,Khan,female,1982-06-23,XS-0301,alive,,2026-07-04T09:00:00Z,CRA-CORE
CP-000080,2310730400,Eli80,Santos,male,2021-06-16,XS-0302,alive,,2026-07-04T09:00:00Z,CRA-CORE
CP-000081,2310739539,Mara81,Okafor,female,1999-07-24,XS-0303,alive,,2026-07-04T09:00:00Z,CRA-CORE
CP-000082,2310748669,Tala82,Dela Cruz,male,2019-11-12,XS-0401,alive,,2026-07-04T09:00:00Z,CRA-CORE
CP-000083,2310757796,Rafi83,Aquino,female,1997-12-15,XS-0402,alive,,2026-07-04T09:00:00Z,CRA-CORE
CP-000084,2310766922,Ari84,Kone,male,1969-06-17,XS-0403,alive,,2026-07-04T09:00:00Z,CRA-CORE
CP-000085,2310776057,Mika85,Mensah,female,1997-06-04,XS-0101,alive,,2026-07-04T09:00:00Z,CRA-CORE
CP-000086,2310785185,Nela86,Raman,male,2014-01-13,XS-0102,alive,,2026-07-04T09:00:00Z,CRA-CORE
CP-000087,2310794315,Tomas87,Almeida,female,1943-09-17,XS-0103,alive,,2026-07-04T09:00:00Z,CRA-CORE
CP-000088,2310803440,Lina88,Mori,male,1986-07-07,XS-0201,alive,,2026-07-04T09:00:00Z,CRA-CORE
CP-000089,2310812573,Zaid89,Khan,female,2006-09-03,XS-0202,alive,,2026-07-04T09:00:00Z,CRA-CORE
CP-000090,2310821708,Rina90,Santos,male,1960-04-20,XS-0203,alive,,2026-07-04T09:00:00Z,CRA-CORE
CP-000091,2310830839,Kiran91,Okafor,female,1971-10-28,XS-0301,alive,,2026-07-04T09:00:00Z,CRA-CORE
CP-000092,2310839963,Eli92,Dela Cruz,male,1947-06-09,XS-0302,alive,,2026-07-04T09:00:00Z,CRA-CORE
CP-000093,2310849095,Mara93,Aquino,female,2014-05-13,XS-0303,alive,,2026-07-04T09:00:00Z,CRA-CORE
CP-000094,2310858224,Tala94,Kone,male,1968-12-15,XS-0401,alive,,2026-07-04T09:00:00Z,CRA-CORE
CP-000095,2310867351,Rafi95,Mensah,female,2015-03-17,XS-0402,alive,,2026-07-04T09:00:00Z,CRA-CORE
CP-000096,2310876484,Ari96,Raman,male,2025-11-22,XS-0403,alive,,2026-07-04T09:00:00Z,CRA-CORE
CP-000097,2310885612,Mika97,Almeida,female,2024-12-11,XS-0101,alive,,2026-07-04T09:00:00Z,CRA-CORE
CP-000098,2310894745,Nela98,Mori,male,1973-01-19,XS-0102,alive,,2026-07-04T09:00:00Z,CRA-CORE
CP-000099,2310903879,Tomas99,Khan,female,1999-04-08,XS-0103,alive,,2026-07-04T09:00:00Z,CRA-CORE
CP-000100,2310913007,Lina100,Santos,male,2006-09-10,XS-0201,alive,,2026-07-04T09:00:00Z,CRA-CORE
CP-000101,2310922134,Zaid101,Okafor,female,2000-07-25,XS-0202,alive,,2026-07-04T09:00:00Z,CRA-CORE
CP-000102,2310931264,Rina102,Dela Cruz,male,1995-11-12,XS-0203,alive,,2026-07-04T09:00:00Z,CRA-CORE
CP-000103,2310940394,Kiran103,Aquino,female,1978-01-17,XS-0301,alive,,2026-07-04T09:00:00Z,CRA-CORE
CP-000104,2310949524,Eli104,Kone,male,2011-09-23,XS-0302,alive,,2026-07-04T09:00:00Z,CRA-CORE
CP-000105,2310958659,Mara105,Mensah,female,1999-06-05,XS-0303,alive,,2026-07-04T09:00:00Z,CRA-CORE
CP-000106,2310967784,Tala106,Raman,male,1990-10-25,XS-0401,alive,,2026-07-04T09:00:00Z,CRA-CORE
CP-000107,2310976915,Rafi107,Almeida,female,2015-02-10,XS-0402,alive,,2026-07-04T09:00:00Z,CRA-CORE
CP-000108,2310986045,Ari108,Mori,male,2001-03-19,XS-0403,alive,,2026-07-04T09:00:00Z,CRA-CORE
CP-000109,2310995174,Mika109,Khan,female,1969-11-19,XS-0101,alive,,2026-07-04T09:00:00Z,CRA-CORE
CP-000110,2311004307,Nela110,Santos,male,2010-11-13,XS-0102,alive,,2026-07-04T09:00:00Z,CRA-CORE
CP-000111,2311013435,Tomas111,Okafor,female,1973-10-19,XS-0103,alive,,2026-07-04T09:00:00Z,CRA-CORE
CP-000112,2311022563,Lina112,Dela Cruz,male,2002-01-08,XS-0201,alive,,2026-07-04T09:00:00Z,CRA-CORE
CP-000113,2311031690,Zaid113,Aquino,female,1957-01-22,XS-0202,alive,,2026-07-04T09:00:00Z,CRA-CORE
CP-000114,2311040823,Rina114,Kone,male,1989-02-11,XS-0203,alive,,2026-07-04T09:00:00Z,CRA-CORE
CP-000115,2311049954,Kiran115,Mensah,female,1958-10-23,XS-0301,alive,,2026-07-04T09:00:00Z,CRA-CORE
CP-000116,2311059088,Eli116,Raman,male,1960-02-16,XS-0302,alive,,2026-07-04T09:00:00Z,CRA-CORE
CP-000117,2311068212,Mara117,Almeida,female,2020-10-17,XS-0303,alive,,2026-07-04T09:00:00Z,CRA-CORE
CP-000118,2311077342,Tala118,Mori,male,1957-05-25,XS-0401,alive,,2026-07-04T09:00:00Z,CRA-CORE
CP-000119,2311086472,Rafi119,Khan,female,1992-09-28,XS-0402,alive,,2026-07-04T09:00:00Z,CRA-CORE
CP-000120,2311095607,Ari120,Santos,male,2000-09-07,XS-0403,alive,,2026-07-04T09:00:00Z,CRA-CORE
CP-000121,2311104730,Mika121,Okafor,female,1997-09-08,XS-0101,alive,,2026-07-04T09:00:00Z,CRA-CORE
CP-000122,2311120153,Nela122,Dela Cruz,male,2009-10-23,XS-0102,alive,,2026-07-04T09:00:00Z,CRA-CORE
CP-000123,2311122998,Tomas123,Aquino,female,1992-07-08,XS-0103,alive,,2026-07-04T09:00:00Z,CRA-CORE
CP-000124,2311132123,Lina124,Kone,male,1992-12-11,XS-0201,alive,,2026-07-04T09:00:00Z,CRA-CORE
CP-000125,2311141251,Zaid125,Mensah,female,1976-05-24,XS-0202,alive,,2026-07-04T09:00:00Z,CRA-CORE
CP-000126,2311150381,Rina126,Raman,male,1991-07-08,XS-0203,alive,,2026-07-04T09:00:00Z,CRA-CORE
CP-000127,2311159517,Kiran127,Almeida,female,1964-05-25,XS-0301,alive,,2026-07-04T09:00:00Z,CRA-CORE
CP-000128,2311168641,Eli128,Mori,male,1998-04-13,XS-0302,alive,,2026-07-04T09:00:00Z,CRA-CORE
CP-000129,2311178141,Mara129,Khan,female,1961-07-16,XS-0303,alive,,2026-07-04T09:00:00Z,CRA-CORE
CP-000130,2311186909,Tala130,Santos,male,1960-09-24,XS-0401,alive,,2026-07-04T09:00:00Z,CRA-CORE
CP-000131,2311196032,Rafi131,Okafor,female,1996-12-04,XS-0402,alive,,2026-07-04T09:00:00Z,CRA-CORE
CP-000132,2311205169,Ari132,Dela Cruz,male,2019-05-23,XS-0403,alive,,2026-07-04T09:00:00Z,CRA-CORE
CP-000133,2311214299,Mika133,Aquino,female,2007-04-22,XS-0101,alive,,2026-07-04T09:00:00Z,CRA-CORE
CP-000134,2311223427,Nela134,Kone,male,1942-06-14,XS-0102,alive,,2026-07-04T09:00:00Z,CRA-CORE
CP-000135,2311232559,Tomas135,Mensah,female,2017-05-14,XS-0103,alive,,2026-07-04T09:00:00Z,CRA-CORE
CP-000136,2311241680,Lina136,Raman,male,2022-04-28,XS-0201,alive,,2026-07-04T09:00:00Z,CRA-CORE
CP-000137,2311250816,Zaid137,Almeida,female,1976-05-06,XS-0202,alive,,2026-07-04T09:00:00Z,CRA-CORE
CP-000138,2311259942,Rina138,Mori,male,2009-09-01,XS-0203,alive,,2026-07-04T09:00:00Z,CRA-CORE
CP-000139,2311269072,Kiran139,Khan,female,2007-04-28,XS-0301,alive,,2026-07-04T09:00:00Z,CRA-CORE
CP-000140,2311278200,Eli140,Santos,male,1997-10-27,XS-0302,alive,,2026-07-04T09:00:00Z,CRA-CORE
CP-000141,2311287331,Mara141,Okafor,female,1963-09-15,XS-0303,alive,,2026-07-04T09:00:00Z,CRA-CORE
CP-000142,2311296464,Tala142,Dela Cruz,male,2024-05-20,XS-0401,alive,,2026-07-04T09:00:00Z,CRA-CORE
CP-000143,2311305599,Rafi143,Aquino,female,1946-10-19,XS-0402,alive,,2026-07-04T09:00:00Z,CRA-CORE
CP-000144,2311314722,Ari144,Kone,male,2016-07-23,XS-0403,alive,,2026-07-04T09:00:00Z,CRA-CORE
CP-000145,2311323851,Mika145,Mensah,female,2010-09-04,XS-0101,alive,,2026-07-04T09:00:00Z,CRA-CORE
CP-000146,2311332981,Nela146,Raman,male,2002-08-07,XS-0102,alive,,2026-07-04T09:00:00Z,CRA-CORE
CP-000147,2311342118,Tomas147,Almeida,female,1991-12-24,XS-0103,alive,,2026-07-04T09:00:00Z,CRA-CORE
CP-000148,2311351240,Lina148,Mori,male,1999-03-23,XS-0201,alive,,2026-07-04T09:00:00Z,CRA-CORE
CP-000149,2311360379,Zaid149,Khan,female,2016-12-11,XS-0202,alive,,2026-07-04T09:00:00Z,CRA-CORE
CP-000150,2311369500,Rina150,Santos,male,1962-11-25,XS-0203,alive,,2026-07-04T09:00:00Z,CRA-CORE
CP-000151,2311379002,Kiran151,Okafor,female,1969-10-08,XS-0301,alive,,2026-07-04T09:00:00Z,CRA-CORE
CP-000152,2311387766,Eli152,Dela Cruz,male,1946-12-21,XS-0302,alive,,2026-07-04T09:00:00Z,CRA-CORE
CP-000153,2311396895,Mara153,Aquino,female,1994-09-13,XS-0303,alive,,2026-07-04T09:00:00Z,CRA-CORE
CP-000154,2311406024,Tala154,Kone,male,2010-12-07,XS-0401,alive,,2026-07-04T09:00:00Z,CRA-CORE
CP-000155,2311415156,Rafi155,Mensah,female,1977-09-26,XS-0402,alive,,2026-07-04T09:00:00Z,CRA-CORE
CP-000156,2311424287,Ari156,Raman,male,2007-08-13,XS-0403,alive,,2026-07-04T09:00:00Z,CRA-CORE
CP-000157,2311433412,Mika157,Almeida,female,1990-04-12,XS-0101,alive,,2026-07-04T09:00:00Z,CRA-CORE
CP-000158,2311442544,Nela158,Mori,male,2013-08-24,XS-0102,alive,,2026-07-04T09:00:00Z,CRA-CORE
CP-000159,2311451677,Tomas159,Khan,female,2004-03-12,XS-0103,alive,,2026-07-04T09:00:00Z,CRA-CORE
CP-000160,2311460805,Lina160,Santos,male,2011-12-27,XS-0201,alive,,2026-07-04T09:00:00Z,CRA-CORE
CP-000161,2311469930,Zaid161,Okafor,female,1994-02-28,XS-0202,alive,,2026-07-04T09:00:00Z,CRA-CORE
CP-000162,2311479064,Rina162,Dela Cruz,male,2014-06-25,XS-0203,alive,,2026-07-04T09:00:00Z,CRA-CORE
CP-000163,2311488196,Kiran163,Aquino,female,2000-01-05,XS-0301,alive,,2026-07-04T09:00:00Z,CRA-CORE
CP-000164,2311497327,Eli164,Kone,male,2007-12-11,XS-0302,alive,,2026-07-04T09:00:00Z,CRA-CORE
CP-000165,2311506452,Mara165,Mensah,female,1997-09-04,XS-0303,alive,,2026-07-04T09:00:00Z,CRA-CORE
CP-000166,2311515588,Tala166,Raman,male,2002-09-20,XS-0401,alive,,2026-07-04T09:00:00Z,CRA-CORE
CP-000167,2311524719,Rafi167,Almeida,female,1978-06-20,XS-0402,alive,,2026-07-04T09:00:00Z,CRA-CORE
CP-000168,2311533841,Ari168,Mori,male,1997-10-05,XS-0403,alive,,2026-07-04T09:00:00Z,CRA-CORE
CP-000169,2311542979,Mika169,Khan,female,2015-09-18,XS-0101,alive,,2026-07-04T09:00:00Z,CRA-CORE
CP-000170,2311552104,Nela170,Santos,male,1995-05-24,XS-0102,alive,,2026-07-04T09:00:00Z,CRA-CORE
CP-000171,2311561232,Tomas171,Okafor,female,1976-08-26,XS-0103,alive,,2026-07-04T09:00:00Z,CRA-CORE
CP-000172,2311570366,Lina172,Dela Cruz,male,2013-03-15,XS-0201,alive,,2026-07-04T09:00:00Z,CRA-CORE
CP-000173,2311579493,Zaid173,Aquino,female,1987-03-16,XS-0202,alive,,2026-07-04T09:00:00Z,CRA-CORE
CP-000174,2311588620,Rina174,Kone,male,1998-01-10,XS-0203,alive,,2026-07-04T09:00:00Z,CRA-CORE
CP-000175,2311597757,Kiran175,Mensah,female,1953-04-13,XS-0301,alive,,2026-07-04T09:00:00Z,CRA-CORE
CP-000176,2311606882,Eli176,Raman,male,2020-05-23,XS-0302,alive,,2026-07-04T09:00:00Z,CRA-CORE
CP-000177,2311616013,Mara177,Almeida,female,2004-10-19,XS-0303,alive,,2026-07-04T09:00:00Z,CRA-CORE
CP-000178,2311625144,Tala178,Mori,male,1941-02-09,XS-0401,alive,,2026-07-04T09:00:00Z,CRA-CORE
CP-000179,2311634272,Rafi179,Khan,female,2010-05-15,XS-0402,alive,,2026-07-04T09:00:00Z,CRA-CORE
CP-000180,2311643402,Ari180,Santos,male,1985-12-23,XS-0403,alive,,2026-07-04T09:00:00Z,CRA-CORE
CP-000181,2311652530,Mika181,Okafor,female,2010-10-20,XS-0101,alive,,2026-07-04T09:00:00Z,CRA-CORE
CP-000182,2311662038,Nela182,Dela Cruz,male,2009-08-15,XS-0102,alive,,2026-07-04T09:00:00Z,CRA-CORE
CP-000183,2311670790,Tomas183,Aquino,female,1991-08-18,XS-0103,alive,,2026-07-04T09:00:00Z,CRA-CORE
CP-000184,2311679926,Lina184,Kone,male,1994-08-28,XS-0201,alive,,2026-07-04T09:00:00Z,CRA-CORE
CP-000185,2311689052,Zaid185,Mensah,female,2002-03-14,XS-0202,alive,,2026-07-04T09:00:00Z,CRA-CORE
CP-000186,2311698182,Rina186,Raman,male,1982-06-03,XS-0203,alive,,2026-07-04T09:00:00Z,CRA-CORE
CP-000187,2311707311,Kiran187,Almeida,female,2025-07-23,XS-0301,alive,,2026-07-04T09:00:00Z,CRA-CORE
CP-000188,2311716440,Eli188,Mori,male,2015-03-10,XS-0302,alive,,2026-07-04T09:00:00Z,CRA-CORE
CP-000189,2311725577,Mara189,Khan,female,1962-10-09,XS-0303,alive,,2026-07-04T09:00:00Z,CRA-CORE
CP-000190,2311734707,Tala190,Santos,male,1999-04-17,XS-0401,alive,,2026-07-04T09:00:00Z,CRA-CORE
CP-000191,2311743839,Rafi191,Okafor,female,1972-07-16,XS-0402,alive,,2026-07-04T09:00:00Z,CRA-CORE
CP-000192,2311752965,Ari192,Dela Cruz,male,2001-11-25,XS-0403,alive,,2026-07-04T09:00:00Z,CRA-CORE
CP-000193,2311762099,Mika193,Aquino,female,1967-01-09,XS-0101,alive,,2026-07-04T09:00:00Z,CRA-CORE
CP-000194,2311771221,Nela194,Kone,male,1972-10-19,XS-0102,alive,,2026-07-04T09:00:00Z,CRA-CORE
CP-000195,2311780353,Tomas195,Mensah,female,1990-07-24,XS-0103,alive,,2026-07-04T09:00:00Z,CRA-CORE
CP-000196,2311789489,Lina196,Raman,male,2021-04-22,XS-0201,alive,,2026-07-04T09:00:00Z,CRA-CORE
CP-000197,2311798618,Zaid197,Almeida,female,1986-04-16,XS-0202,alive,,2026-07-04T09:00:00Z,CRA-CORE
CP-000198,2311807744,Rina198,Mori,male,2000-06-23,XS-0203,alive,,2026-07-04T09:00:00Z,CRA-CORE
CP-000199,2311816872,Kiran199,Khan,female,2013-12-19,XS-0301,alive,,2026-07-04T09:00:00Z,CRA-CORE
CP-000200,2311826000,Eli200,Santos,male,2006-09-28,XS-0302,alive,,2026-07-04T09:00:00Z,CRA-CORE
CP-000201,2311835133,Mara201,Okafor,female,2002-01-25,XS-0303,alive,,2026-07-04T09:00:00Z,CRA-CORE
CP-000202,2311844264,Tala202,Dela Cruz,male,1984-09-26,XS-0401,alive,,2026-07-04T09:00:00Z,CRA-CORE
CP-000203,2311853399,Rafi203,Aquino,female,2011-04-09,XS-0402,alive,,2026-07-04T09:00:00Z,CRA-CORE
CP-000204,2311862528,Ari204,Kone,male,1964-01-25,XS-0403,alive,,2026-07-04T09:00:00Z,CRA-CORE
CP-000205,2311871650,Mika205,Mensah,female,2014-03-16,XS-0101,alive,,2026-07-04T09:00:00Z,CRA-CORE
CP-000206,2311880785,Nela206,Raman,male,1969-10-07,XS-0102,alive,,2026-07-04T09:00:00Z,CRA-CORE
CP-000207,2311889916,Tomas207,Almeida,female,2008-11-11,XS-0103,alive,,2026-07-04T09:00:00Z,CRA-CORE
CP-000208,2311899043,Lina208,Mori,male,2022-11-14,XS-0201,alive,,2026-07-04T09:00:00Z,CRA-CORE
CP-000209,2311908170,Zaid209,Khan,female,2017-10-10,XS-0202,alive,,2026-07-04T09:00:00Z,CRA-CORE
CP-000210,2311917307,Rina210,Santos,male,1958-01-04,XS-0203,alive,,2026-07-04T09:00:00Z,CRA-CORE
CP-000211,2311926439,Kiran211,Okafor,female,1999-05-05,XS-0301,alive,,2026-07-04T09:00:00Z,CRA-CORE
CP-000212,2311935567,Eli212,Dela Cruz,male,2001-01-05,XS-0302,alive,,2026-07-04T09:00:00Z,CRA-CORE
CP-000213,2311944696,Mara213,Aquino,female,1997-02-13,XS-0303,alive,,2026-07-04T09:00:00Z,CRA-CORE
CP-000214,2311953823,Tala214,Kone,male,2017-04-16,XS-0401,alive,,2026-07-04T09:00:00Z,CRA-CORE
CP-000215,2311962953,Rafi215,Mensah,female,2018-04-26,XS-0402,alive,,2026-07-04T09:00:00Z,CRA-CORE
CP-000216,2311972085,Ari216,Raman,male,1959-06-01,XS-0403,alive,,2026-07-04T09:00:00Z,CRA-CORE
CP-000217,2311981215,Mika217,Almeida,female,1983-09-17,XS-0101,alive,,2026-07-04T09:00:00Z,CRA-CORE
CP-000218,2311990345,Nela218,Mori,male,1945-01-09,XS-0102,alive,,2026-07-04T09:00:00Z,CRA-CORE
CP-000219,2311999472,Tomas219,Khan,female,1976-06-06,XS-0103,alive,,2026-07-04T09:00:00Z,CRA-CORE
CP-000220,2312008601,Lina220,Santos,male,1998-06-13,XS-0201,alive,,2026-07-04T09:00:00Z,CRA-CORE
CP-000221,2312017733,Zaid221,Okafor,female,1963-03-17,XS-0202,alive,,2026-07-04T09:00:00Z,CRA-CORE
CP-000222,2312026867,Rina222,Dela Cruz,male,1997-10-11,XS-0203,alive,,2026-07-04T09:00:00Z,CRA-CORE
CP-000223,2312035994,Kiran223,Aquino,female,1989-05-13,XS-0301,alive,,2026-07-04T09:00:00Z,CRA-CORE
CP-000224,2312045123,Eli224,Kone,male,2007-09-08,XS-0302,alive,,2026-07-04T09:00:00Z,CRA-CORE
CP-000225,2312054258,Mara225,Mensah,female,2000-12-15,XS-0303,alive,,2026-07-04T09:00:00Z,CRA-CORE
CP-000226,2312063388,Tala226,Raman,male,2008-03-05,XS-0401,alive,,2026-07-04T09:00:00Z,CRA-CORE
CP-000227,2312072517,Rafi227,Almeida,female,1996-05-28,XS-0402,alive,,2026-07-04T09:00:00Z,CRA-CORE
CP-000228,2312081648,Ari228,Mori,male,1989-05-13,XS-0403,alive,,2026-07-04T09:00:00Z,CRA-CORE
CP-000229,2312090776,Mika229,Khan,female,2013-07-14,XS-0101,alive,,2026-07-04T09:00:00Z,CRA-CORE
CP-000230,2312099907,Nela230,Santos,male,2005-07-27,XS-0102,alive,,2026-07-04T09:00:00Z,CRA-CORE
CP-000231,2312109030,Tomas231,Okafor,female,1972-07-28,XS-0103,alive,,2026-07-04T09:00:00Z,CRA-CORE
CP-000232,2312118169,Lina232,Dela Cruz,male,1983-07-03,XS-0201,alive,,2026-07-04T09:00:00Z,CRA-CORE
CP-000233,2312127290,Zaid233,Aquino,female,1957-09-07,XS-0202,alive,,2026-07-04T09:00:00Z,CRA-CORE
CP-000234,2312136423,Rina234,Kone,male,2021-05-08,XS-0203,alive,,2026-07-04T09:00:00Z,CRA-CORE
CP-000235,2312145550,Kiran235,Mensah,female,2023-09-06,XS-0301,alive,,2026-07-04T09:00:00Z,CRA-CORE
CP-000236,2312154684,Eli236,Raman,male,1971-09-11,XS-0302,alive,,2026-07-04T09:00:00Z,CRA-CORE
CP-000237,2312163815,Mara237,Almeida,female,2018-03-23,XS-0303,alive,,2026-07-04T09:00:00Z,CRA-CORE
CP-000238,2312172947,Tala238,Mori,male,2009-07-12,XS-0401,alive,,2026-07-04T09:00:00Z,CRA-CORE
CP-000239,2312182072,Rafi239,Khan,female,1942-02-28,XS-0402,alive,,2026-07-04T09:00:00Z,CRA-CORE
CP-000240,2312191209,Ari240,Santos,male,2003-09-03,XS-0403,alive,,2026-07-04T09:00:00Z,CRA-CORE
CP-000241,2312200330,Mika241,Okafor,female,1998-10-11,XS-0101,alive,,2026-07-04T09:00:00Z,CRA-CORE
CP-000242,2312209462,Nela242,Dela Cruz,male,1973-04-21,XS-0102,alive,,2026-07-04T09:00:00Z,CRA-CORE
CP-000243,2312218592,Tomas243,Aquino,female,2009-02-22,XS-0103,alive,,2026-07-04T09:00:00Z,CRA-CORE
CP-000244,2312227723,Lina244,Kone,male,1969-11-17,XS-0201,alive,,2026-07-04T09:00:00Z,CRA-CORE
CP-000245,2312236851,Zaid245,Mensah,female,2023-12-20,XS-0202,alive,,2026-07-04T09:00:00Z,CRA-CORE
CP-000246,2312245982,Rina246,Raman,male,2000-01-24,XS-0203,alive,,2026-07-04T09:00:00Z,CRA-CORE
CP-000247,2312255117,Kiran247,Almeida,female,1947-04-18,XS-0301,alive,,2026-07-04T09:00:00Z,CRA-CORE
CP-000248,2312264241,Eli248,Mori,male,2005-09-23,XS-0302,alive,,2026-07-04T09:00:00Z,CRA-CORE
CP-000249,2312273375,Mara249,Khan,female,2018-03-17,XS-0303,alive,,2026-07-04T09:00:00Z,CRA-CORE
CP-000250,2312282506,Tala250,Santos,male,1974-11-27,XS-0401,alive,,2026-07-04T09:00:00Z,CRA-CORE
CP-000251,2312291630,Rafi251,Okafor,female,2005-04-11,XS-0402,alive,,2026-07-04T09:00:00Z,CRA-CORE
CP-000252,2312300765,Ari252,Dela Cruz,male,1985-04-19,XS-0403,alive,,2026-07-04T09:00:00Z,CRA-CORE
CP-000253,2312309898,Mika253,Aquino,female,2001-11-15,XS-0101,alive,,2026-07-04T09:00:00Z,CRA-CORE
CP-000254,2312319022,Nela254,Kone,male,1956-12-27,XS-0102,alive,,2026-07-04T09:00:00Z,CRA-CORE
CP-000255,2312328150,Tomas255,Mensah,female,2021-01-21,XS-0103,alive,,2026-07-04T09:00:00Z,CRA-CORE
CP-000256,2312337289,Lina256,Raman,male,1987-03-06,XS-0201,alive,,2026-07-04T09:00:00Z,CRA-CORE
CP-000257,2312346419,Zaid257,Almeida,female,1964-01-10,XS-0202,alive,,2026-07-04T09:00:00Z,CRA-CORE
CP-000258,2312355542,Rina258,Mori,male,2016-04-04,XS-0203,alive,,2026-07-04T09:00:00Z,CRA-CORE
CP-000259,2312364677,Kiran259,Khan,female,1993-02-17,XS-0301,alive,,2026-07-04T09:00:00Z,CRA-CORE
CP-000260,2312373805,Eli260,Santos,male,2016-07-22,XS-0302,alive,,2026-07-04T09:00:00Z,CRA-CORE
CP-000261,2312382938,Mara261,Okafor,female,1991-10-02,XS-0303,alive,,2026-07-04T09:00:00Z,CRA-CORE
CP-000262,2312392060,Tala262,Dela Cruz,male,2021-11-06,XS-0401,alive,,2026-07-04T09:00:00Z,CRA-CORE
CP-000263,2312401194,Rafi263,Aquino,female,1996-03-10,XS-0402,alive,,2026-07-04T09:00:00Z,CRA-CORE
CP-000264,2312410326,Ari264,Kone,male,1973-08-23,XS-0403,alive,,2026-07-04T09:00:00Z,CRA-CORE
CP-000265,2312419452,Mika265,Mensah,female,2009-10-27,XS-0101,alive,,2026-07-04T09:00:00Z,CRA-CORE
CP-000266,2312428584,Nela266,Raman,male,1954-07-19,XS-0102,alive,,2026-07-04T09:00:00Z,CRA-CORE
CP-000267,2312437718,Tomas267,Almeida,female,1990-02-10,XS-0103,alive,,2026-07-04T09:00:00Z,CRA-CORE
CP-000268,2312446846,Lina268,Mori,male,1945-02-25,XS-0201,alive,,2026-07-04T09:00:00Z,CRA-CORE
CP-000269,2312455979,Zaid269,Khan,female,2003-10-22,XS-0202,alive,,2026-07-04T09:00:00Z,CRA-CORE
CP-000270,2312465105,Rina270,Santos,male,1994-04-01,XS-0203,alive,,2026-07-04T09:00:00Z,CRA-CORE
CP-000271,2312474239,Kiran271,Okafor,female,2015-05-13,XS-0301,alive,,2026-07-04T09:00:00Z,CRA-CORE
CP-000272,2312483366,Eli272,Dela Cruz,male,1987-08-08,XS-0302,alive,,2026-07-04T09:00:00Z,CRA-CORE
CP-000273,2312492491,Mara273,Aquino,female,1968-09-28,XS-0303,alive,,2026-07-04T09:00:00Z,CRA-CORE
CP-000274,2312501629,Tala274,Kone,male,1943-07-06,XS-0401,alive,,2026-07-04T09:00:00Z,CRA-CORE
CP-000275,2312510756,Rafi275,Mensah,female,2015-04-10,XS-0402,alive,,2026-07-04T09:00:00Z,CRA-CORE
CP-000276,2312519885,Ari276,Raman,male,1963-01-15,XS-0403,alive,,2026-07-04T09:00:00Z,CRA-CORE
CP-000277,2312529015,Mika277,Almeida,female,2014-11-04,XS-0101,alive,,2026-07-04T09:00:00Z,CRA-CORE
CP-000278,2312538143,Nela278,Mori,male,2007-12-20,XS-0102,alive,,2026-07-04T09:00:00Z,CRA-CORE
CP-000279,2312547274,Tomas279,Khan,female,2019-08-08,XS-0103,alive,,2026-07-04T09:00:00Z,CRA-CORE
CP-000280,2312556400,Lina280,Santos,male,1977-12-04,XS-0201,alive,,2026-07-04T09:00:00Z,CRA-CORE
CP-000281,2312565531,Zaid281,Okafor,female,2015-04-23,XS-0202,alive,,2026-07-04T09:00:00Z,CRA-CORE
CP-000282,2312574669,Rina282,Dela Cruz,male,1957-10-06,XS-0203,alive,,2026-07-04T09:00:00Z,CRA-CORE
CP-000283,2312583797,Kiran283,Aquino,female,1998-09-14,XS-0301,alive,,2026-07-04T09:00:00Z,CRA-CORE
CP-000284,2312592924,Eli284,Kone,male,1978-02-15,XS-0302,alive,,2026-07-04T09:00:00Z,CRA-CORE
CP-000285,2312602056,Mara285,Mensah,female,2002-01-18,XS-0303,alive,,2026-07-04T09:00:00Z,CRA-CORE
CP-000286,2312611189,Tala286,Raman,male,1997-02-20,XS-0401,alive,,2026-07-04T09:00:00Z,CRA-CORE
CP-000287,2312620317,Rafi287,Almeida,female,1968-07-04,XS-0402,alive,,2026-07-04T09:00:00Z,CRA-CORE
CP-000288,2312629445,Ari288,Mori,male,2009-09-21,XS-0403,alive,,2026-07-04T09:00:00Z,CRA-CORE
CP-000289,2312638577,Mika289,Khan,female,2000-06-02,XS-0101,alive,,2026-07-04T09:00:00Z,CRA-CORE
CP-000290,2312647709,Nela290,Santos,male,1952-06-02,XS-0102,alive,,2026-07-04T09:00:00Z,CRA-CORE
CP-000291,2312656835,Tomas291,Okafor,female,1961-07-28,XS-0103,alive,,2026-07-04T09:00:00Z,CRA-CORE
CP-000292,2312665968,Lina292,Dela Cruz,male,1989-02-01,XS-0201,alive,,2026-07-04T09:00:00Z,CRA-CORE
CP-000293,2312675091,Zaid293,Aquino,female,1969-09-24,XS-0202,alive,,2026-07-04T09:00:00Z,CRA-CORE
CP-000294,2312684223,Rina294,Kone,male,1997-01-27,XS-0203,alive,,2026-07-04T09:00:00Z,CRA-CORE
CP-000295,2312693354,Kiran295,Mensah,female,2015-08-17,XS-0301,alive,,2026-07-04T09:00:00Z,CRA-CORE
CP-000296,2312702483,Eli296,Raman,male,2017-02-20,XS-0302,alive,,2026-07-04T09:00:00Z,CRA-CORE
CP-000297,2312711611,Mara297,Almeida,female,2014-08-25,XS-0303,alive,,2026-07-04T09:00:00Z,CRA-CORE
CP-000298,2312720746,Tala298,Mori,male,2006-07-06,XS-0401,alive,,2026-07-04T09:00:00Z,CRA-CORE
CP-000299,2312729876,Rafi299,Khan,female,1997-06-23,XS-0402,alive,,2026-07-04T09:00:00Z,CRA-CORE
CP-000300,2312739007,Ari300,Santos,male,2006-09-24,XS-0403,alive,,2026-07-04T09:00:00Z,CRA-CORE
CP-000301,2312748136,Mika301,Okafor,female,1979-03-17,XS-0101,alive,,2026-07-04T09:00:00Z,CRA-CORE
CP-000302,2312757264,Nela302,Dela Cruz,male,1997-05-14,XS-0102,alive,,2026-07-04T09:00:00Z,CRA-CORE
CP-000303,2312766394,Tomas303,Aquino,female,2016-07-04,XS-0103,alive,,2026-07-04T09:00:00Z,CRA-CORE
CP-000304,2312775520,Lina304,Kone,male,2015-06-10,XS-0201,alive,,2026-07-04T09:00:00Z,CRA-CORE
CP-000305,2312784651,Zaid305,Mensah,female,2000-04-03,XS-0202,alive,,2026-07-04T09:00:00Z,CRA-CORE
CP-000306,2312793787,Rina306,Raman,male,2000-03-22,XS-0203,alive,,2026-07-04T09:00:00Z,CRA-CORE
CP-000307,2312802913,Kiran307,Almeida,female,1993-08-23,XS-0301,alive,,2026-07-04T09:00:00Z,CRA-CORE
CP-000308,2312812048,Eli308,Mori,male,1942-02-09,XS-0302,alive,,2026-07-04T09:00:00Z,CRA-CORE
CP-000309,2312821175,Mara309,Khan,female,1988-08-23,XS-0303,alive,,2026-07-04T09:00:00Z,CRA-CORE
CP-000310,2312830305,Tala310,Santos,male,1962-04-14,XS-0401,alive,,2026-07-04T09:00:00Z,CRA-CORE
CP-000311,2312839439,Rafi311,Okafor,female,1961-06-02,XS-0402,alive,,2026-07-04T09:00:00Z,CRA-CORE
CP-000312,2312848565,Ari312,Dela Cruz,male,2010-11-17,XS-0403,alive,,2026-07-04T09:00:00Z,CRA-CORE
CP-000313,2312857694,Mika313,Aquino,female,2012-08-13,XS-0101,alive,,2026-07-04T09:00:00Z,CRA-CORE
CP-000314,2312866822,Nela314,Kone,male,1997-03-16,XS-0102,alive,,2026-07-04T09:00:00Z,CRA-CORE
CP-000315,2312875952,Tomas315,Mensah,female,1940-09-11,XS-0103,alive,,2026-07-04T09:00:00Z,CRA-CORE
CP-000316,2312885086,Lina316,Raman,male,1990-06-26,XS-0201,alive,,2026-07-04T09:00:00Z,CRA-CORE
CP-000317,2312894216,Zaid317,Almeida,female,1995-01-16,XS-0202,alive,,2026-07-04T09:00:00Z,CRA-CORE
CP-000318,2312903343,Rina318,Mori,male,2018-12-19,XS-0203,alive,,2026-07-04T09:00:00Z,CRA-CORE
CP-000319,2312912477,Kiran319,Khan,female,2011-10-08,XS-0301,alive,,2026-07-04T09:00:00Z,CRA-CORE
CP-000320,2312921608,Eli320,Santos,male,1947-09-03,XS-0302,alive,,2026-07-04T09:00:00Z,CRA-CORE
CP-000321,2312930730,Mara321,Okafor,female,1995-11-20,XS-0303,alive,,2026-07-04T09:00:00Z,CRA-CORE
CP-000322,2312939866,Tala322,Dela Cruz,male,2007-01-23,XS-0401,alive,,2026-07-04T09:00:00Z,CRA-CORE
CP-000323,2312948991,Rafi323,Aquino,female,1974-01-06,XS-0402,alive,,2026-07-04T09:00:00Z,CRA-CORE
CP-000324,2312958122,Ari324,Kone,male,1993-01-20,XS-0403,alive,,2026-07-04T09:00:00Z,CRA-CORE
CP-000325,2312967259,Mika325,Mensah,female,1952-11-05,XS-0101,alive,,2026-07-04T09:00:00Z,CRA-CORE
CP-000326,2312976380,Nela326,Raman,male,2019-09-05,XS-0102,alive,,2026-07-04T09:00:00Z,CRA-CORE
CP-000327,2312985517,Tomas327,Almeida,female,2011-03-20,XS-0103,alive,,2026-07-04T09:00:00Z,CRA-CORE
CP-000328,2312994648,Lina328,Mori,male,2005-09-23,XS-0201,alive,,2026-07-04T09:00:00Z,CRA-CORE
CP-000329,2313003775,Zaid329,Khan,female,1993-08-17,XS-0202,alive,,2026-07-04T09:00:00Z,CRA-CORE
CP-000330,2313012905,Rina330,Santos,male,2004-03-22,XS-0203,alive,,2026-07-04T09:00:00Z,CRA-CORE
CP-000331,2313022030,Kiran331,Okafor,female,1975-12-06,XS-0301,alive,,2026-07-04T09:00:00Z,CRA-CORE
CP-000332,2313031167,Eli332,Dela Cruz,male,2020-09-08,XS-0302,alive,,2026-07-04T09:00:00Z,CRA-CORE
CP-000333,2313040291,Mara333,Aquino,female,1986-12-22,XS-0303,alive,,2026-07-04T09:00:00Z,CRA-CORE
CP-000334,2313049421,Tala334,Kone,male,1991-12-03,XS-0401,alive,,2026-07-04T09:00:00Z,CRA-CORE
CP-000335,2313058555,Rafi335,Mensah,female,2019-12-09,XS-0402,alive,,2026-07-04T09:00:00Z,CRA-CORE
CP-000336,2313067689,Ari336,Raman,male,1998-06-08,XS-0403,alive,,2026-07-04T09:00:00Z,CRA-CORE
CP-000337,2313076817,Mika337,Almeida,female,1985-12-26,XS-0101,alive,,2026-07-04T09:00:00Z,CRA-CORE
CP-000338,2313085942,Nela338,Mori,male,2020-05-02,XS-0102,alive,,2026-07-04T09:00:00Z,CRA-CORE
CP-000339,2313095071,Tomas339,Khan,female,2016-10-13,XS-0103,alive,,2026-07-04T09:00:00Z,CRA-CORE
CP-000340,2313104200,Lina340,Santos,male,2011-07-18,XS-0201,alive,,2026-07-04T09:00:00Z,CRA-CORE
CP-000341,2313113336,Zaid341,Okafor,female,2001-12-04,XS-0202,alive,,2026-07-04T09:00:00Z,CRA-CORE
CP-000342,2313122469,Rina342,Dela Cruz,male,1998-04-21,XS-0203,alive,,2026-07-04T09:00:00Z,CRA-CORE
CP-000343,2313131597,Kiran343,Aquino,female,1964-12-01,XS-0301,alive,,2026-07-04T09:00:00Z,CRA-CORE
CP-000344,2313140729,Eli344,Kone,male,1997-12-04,XS-0302,alive,,2026-07-04T09:00:00Z,CRA-CORE
CP-000345,2313149858,Mara345,Mensah,female,2012-06-12,XS-0303,alive,,2026-07-04T09:00:00Z,CRA-CORE
CP-000346,2313158982,Tala346,Raman,male,1995-02-04,XS-0401,alive,,2026-07-04T09:00:00Z,CRA-CORE
CP-000347,2313168110,Rafi347,Almeida,female,1971-09-01,XS-0402,alive,,2026-07-04T09:00:00Z,CRA-CORE
CP-000348,2313177249,Ari348,Mori,male,1965-10-01,XS-0403,alive,,2026-07-04T09:00:00Z,CRA-CORE
CP-000349,2313186372,Mika349,Khan,female,2025-06-05,XS-0101,alive,,2026-07-04T09:00:00Z,CRA-CORE
CP-000350,2313195504,Nela350,Santos,male,1968-12-03,XS-0102,alive,,2026-07-04T09:00:00Z,CRA-CORE
CP-000351,2313204639,Tomas351,Okafor,female,1988-11-07,XS-0103,alive,,2026-07-04T09:00:00Z,CRA-CORE
CP-000352,2313213766,Lina352,Dela Cruz,male,1958-12-13,XS-0201,alive,,2026-07-04T09:00:00Z,CRA-CORE
CP-000353,2313222899,Zaid353,Aquino,female,2019-06-09,XS-0202,alive,,2026-07-04T09:00:00Z,CRA-CORE
CP-000354,2313232024,Rina354,Kone,male,1961-05-03,XS-0203,alive,,2026-07-04T09:00:00Z,CRA-CORE
CP-000355,2313241158,Kiran355,Mensah,female,1998-10-28,XS-0301,alive,,2026-07-04T09:00:00Z,CRA-CORE
CP-000356,2313250282,Eli356,Raman,male,2025-01-28,XS-0302,alive,,2026-07-04T09:00:00Z,CRA-CORE
CP-000357,2313259418,Mara357,Almeida,female,1995-01-19,XS-0303,alive,,2026-07-04T09:00:00Z,CRA-CORE
CP-000358,2313268542,Tala358,Mori,male,1975-04-02,XS-0401,alive,,2026-07-04T09:00:00Z,CRA-CORE
CP-000359,2313277679,Rafi359,Khan,female,1999-01-02,XS-0402,alive,,2026-07-04T09:00:00Z,CRA-CORE
CP-000360,2313286805,Ari360,Santos,male,1958-03-23,XS-0403,alive,,2026-07-04T09:00:00Z,CRA-CORE
CP-000361,2313295935,Mika361,Okafor,female,2019-01-27,XS-0101,alive,,2026-07-04T09:00:00Z,CRA-CORE
CP-000362,2313305062,Nela362,Dela Cruz,male,1997-03-18,XS-0102,alive,,2026-07-04T09:00:00Z,CRA-CORE
CP-000363,2313314195,Tomas363,Aquino,female,1950-11-25,XS-0103,alive,,2026-07-04T09:00:00Z,CRA-CORE
CP-000364,2313323325,Lina364,Kone,male,1955-09-27,XS-0201,alive,,2026-07-04T09:00:00Z,CRA-CORE
CP-000365,2313332452,Zaid365,Mensah,female,1967-01-26,XS-0202,alive,,2026-07-04T09:00:00Z,CRA-CORE
CP-000366,2313341585,Rina366,Raman,male,2016-09-06,XS-0203,alive,,2026-07-04T09:00:00Z,CRA-CORE
CP-000367,2313350714,Kiran367,Almeida,female,1998-04-21,XS-0301,alive,,2026-07-04T09:00:00Z,CRA-CORE
CP-000368,2313359848,Eli368,Mori,male,2006-06-26,XS-0302,alive,,2026-07-04T09:00:00Z,CRA-CORE
CP-000369,2313368977,Mara369,Khan,female,2018-09-27,XS-0303,alive,,2026-07-04T09:00:00Z,CRA-CORE
CP-000370,2313378103,Tala370,Santos,male,2006-12-15,XS-0401,alive,,2026-07-04T09:00:00Z,CRA-CORE
CP-000371,2313387235,Rafi371,Okafor,female,2000-10-26,XS-0402,alive,,2026-07-04T09:00:00Z,CRA-CORE
CP-000372,2313396363,Ari372,Dela Cruz,male,2004-09-08,XS-0403,alive,,2026-07-04T09:00:00Z,CRA-CORE
CP-000373,2313405490,Mika373,Aquino,female,1992-04-05,XS-0101,alive,,2026-07-04T09:00:00Z,CRA-CORE
CP-000374,2313414623,Nela374,Kone,male,2007-05-06,XS-0102,alive,,2026-07-04T09:00:00Z,CRA-CORE
CP-000375,2313423759,Tomas375,Mensah,female,2010-04-16,XS-0103,alive,,2026-07-04T09:00:00Z,CRA-CORE
CP-000376,2313432889,Lina376,Raman,male,2013-01-16,XS-0201,alive,,2026-07-04T09:00:00Z,CRA-CORE
CP-000377,2313442011,Zaid377,Almeida,female,2003-01-02,XS-0202,alive,,2026-07-04T09:00:00Z,CRA-CORE
CP-000378,2313451140,Rina378,Mori,male,1955-02-08,XS-0203,alive,,2026-07-04T09:00:00Z,CRA-CORE
CP-000379,2313460271,Kiran379,Khan,female,1973-07-03,XS-0301,alive,,2026-07-04T09:00:00Z,CRA-CORE
CP-000380,2313469405,Eli380,Santos,male,1978-02-05,XS-0302,alive,,2026-07-04T09:00:00Z,CRA-CORE
CP-000381,2313478535,Mara381,Okafor,female,1993-02-21,XS-0303,alive,,2026-07-04T09:00:00Z,CRA-CORE
CP-000382,2313487669,Tala382,Dela Cruz,male,1994-04-07,XS-0401,alive,,2026-07-04T09:00:00Z,CRA-CORE
CP-000383,2313496790,Rafi383,Aquino,female,1981-09-11,XS-0402,alive,,2026-07-04T09:00:00Z,CRA-CORE
CP-000384,2313505924,Ari384,Kone,male,2017-05-03,XS-0403,alive,,2026-07-04T09:00:00Z,CRA-CORE
CP-000385,2313515050,Mika385,Mensah,female,1972-05-26,XS-0101,alive,,2026-07-04T09:00:00Z,CRA-CORE
CP-000386,2313524187,Nela386,Raman,male,1957-10-07,XS-0102,alive,,2026-07-04T09:00:00Z,CRA-CORE
CP-000387,2313533312,Tomas387,Almeida,female,1957-05-23,XS-0103,alive,,2026-07-04T09:00:00Z,CRA-CORE
CP-000388,2313542448,Lina388,Mori,male,1957-03-23,XS-0201,alive,,2026-07-04T09:00:00Z,CRA-CORE
CP-000389,2313551574,Zaid389,Khan,female,2009-11-06,XS-0202,alive,,2026-07-04T09:00:00Z,CRA-CORE
CP-000390,2313560702,Rina390,Santos,male,1990-01-01,XS-0203,alive,,2026-07-04T09:00:00Z,CRA-CORE
CP-000391,2313569837,Kiran391,Okafor,female,2025-06-26,XS-0301,alive,,2026-07-04T09:00:00Z,CRA-CORE
CP-000392,2313578966,Eli392,Dela Cruz,male,1967-11-13,XS-0302,alive,,2026-07-04T09:00:00Z,CRA-CORE
CP-000393,2313588091,Mara393,Aquino,female,1955-05-13,XS-0303,alive,,2026-07-04T09:00:00Z,CRA-CORE
CP-000394,2313597224,Tala394,Kone,male,2015-11-15,XS-0401,alive,,2026-07-04T09:00:00Z,CRA-CORE
CP-000395,2313606359,Rafi395,Mensah,female,2019-06-18,XS-0402,alive,,2026-07-04T09:00:00Z,CRA-CORE
CP-000396,2313615486,Ari396,Raman,male,1974-11-19,XS-0403,alive,,2026-07-04T09:00:00Z,CRA-CORE
CP-000397,2313624612,Mika397,Almeida,female,1970-03-14,XS-0101,alive,,2026-07-04T09:00:00Z,CRA-CORE
CP-000398,2313633740,Nela398,Mori,male,1978-05-05,XS-0102,alive,,2026-07-04T09:00:00Z,CRA-CORE
CP-000399,2313642877,Tomas399,Khan,female,1982-04-14,XS-0103,alive,,2026-07-04T09:00:00Z,CRA-CORE
CP-000400,2313652003,Lina400,Santos,male,1962-04-04,XS-0201,alive,,2026-07-04T09:00:00Z,CRA-CORE
CP-000401,2313661137,Zaid401,Okafor,female,1993-09-19,XS-0202,alive,,2026-07-04T09:00:00Z,CRA-CORE
CP-000402,2313670269,Rina402,Dela Cruz,male,1999-03-08,XS-0203,alive,,2026-07-04T09:00:00Z,CRA-CORE
CP-000403,2313679397,Kiran403,Aquino,female,2010-03-09,XS-0301,alive,,2026-07-04T09:00:00Z,CRA-CORE
CP-000404,2313688524,Eli404,Kone,male,2023-02-23,XS-0302,alive,,2026-07-04T09:00:00Z,CRA-CORE
CP-000405,2313697654,Mara405,Mensah,female,1997-06-10,XS-0303,alive,,2026-07-04T09:00:00Z,CRA-CORE
CP-000406,2313706783,Tala406,Raman,male,2019-08-08,XS-0401,alive,,2026-07-04T09:00:00Z,CRA-CORE
CP-000407,2313715919,Rafi407,Almeida,female,2009-02-20,XS-0402,alive,,2026-07-04T09:00:00Z,CRA-CORE
CP-000408,2313725041,Ari408,Mori,male,1980-11-09,XS-0403,alive,,2026-07-04T09:00:00Z,CRA-CORE
CP-000409,2313734179,Mika409,Khan,female,2023-04-04,XS-0101,alive,,2026-07-04T09:00:00Z,CRA-CORE
CP-000410,2313743308,Nela410,Santos,male,1985-11-08,XS-0102,alive,,2026-07-04T09:00:00Z,CRA-CORE
CP-000411,2313752432,Tomas411,Okafor,female,2006-04-23,XS-0103,alive,,2026-07-04T09:00:00Z,CRA-CORE
CP-000412,2313761568,Lina412,Dela Cruz,male,2010-08-06,XS-0201,alive,,2026-07-04T09:00:00Z,CRA-CORE
CP-000413,2313770699,Zaid413,Aquino,female,2013-06-27,XS-0202,alive,,2026-07-04T09:00:00Z,CRA-CORE
CP-000414,2313779828,Rina414,Kone,male,1992-09-04,XS-0203,alive,,2026-07-04T09:00:00Z,CRA-CORE
CP-000415,2313788952,Kiran415,Mensah,female,1989-05-05,XS-0301,alive,,2026-07-04T09:00:00Z,CRA-CORE
CP-000416,2313798083,Eli416,Raman,male,1981-10-04,XS-0302,alive,,2026-07-04T09:00:00Z,CRA-CORE
CP-000417,2313807214,Mara417,Almeida,female,1996-04-18,XS-0303,alive,,2026-07-04T09:00:00Z,CRA-CORE
CP-000418,2313816345,Tala418,Mori,male,2013-10-23,XS-0401,alive,,2026-07-04T09:00:00Z,CRA-CORE
CP-000419,2313825476,Rafi419,Khan,female,1990-11-02,XS-0402,alive,,2026-07-04T09:00:00Z,CRA-CORE
CP-000420,2313834604,Ari420,Santos,male,1970-03-15,XS-0403,alive,,2026-07-04T09:00:00Z,CRA-CORE
CP-000421,2313843738,Mika421,Okafor,female,2024-05-19,XS-0101,alive,,2026-07-04T09:00:00Z,CRA-CORE
CP-000422,2313852868,Nela422,Dela Cruz,male,1995-09-14,XS-0102,alive,,2026-07-04T09:00:00Z,CRA-CORE
CP-000423,2313861997,Tomas423,Aquino,female,2005-10-10,XS-0103,alive,,2026-07-04T09:00:00Z,CRA-CORE
CP-000424,2313871128,Lina424,Kone,male,2008-08-07,XS-0201,alive,,2026-07-04T09:00:00Z,CRA-CORE
CP-000425,2313880251,Zaid425,Mensah,female,1955-06-11,XS-0202,alive,,2026-07-04T09:00:00Z,CRA-CORE
CP-000426,2313889382,Rina426,Raman,male,2013-03-01,XS-0203,alive,,2026-07-04T09:00:00Z,CRA-CORE
CP-000427,2313898516,Kiran427,Almeida,female,1975-10-04,XS-0301,alive,,2026-07-04T09:00:00Z,CRA-CORE
CP-000428,2313907642,Eli428,Mori,male,1992-01-27,XS-0302,alive,,2026-07-04T09:00:00Z,CRA-CORE
CP-000429,2313916777,Mara429,Khan,female,1963-06-08,XS-0303,alive,,2026-07-04T09:00:00Z,CRA-CORE
CP-000430,2313925902,Tala430,Santos,male,1991-02-13,XS-0401,alive,,2026-07-04T09:00:00Z,CRA-CORE
CP-000431,2313935037,Rafi431,Okafor,female,1960-10-22,XS-0402,alive,,2026-07-04T09:00:00Z,CRA-CORE
CP-000432,2313944164,Ari432,Dela Cruz,male,1958-02-25,XS-0403,alive,,2026-07-04T09:00:00Z,CRA-CORE
CP-000433,2313953291,Mika433,Aquino,female,1990-04-02,XS-0101,alive,,2026-07-04T09:00:00Z,CRA-CORE
CP-000434,2313962422,Nela434,Kone,male,1999-02-14,XS-0102,alive,,2026-07-04T09:00:00Z,CRA-CORE
CP-000435,2313971559,Tomas435,Mensah,female,2020-05-01,XS-0103,alive,,2026-07-04T09:00:00Z,CRA-CORE
CP-000436,2313980688,Lina436,Raman,male,1957-05-05,XS-0201,alive,,2026-07-04T09:00:00Z,CRA-CORE
CP-000437,2313989813,Zaid437,Almeida,female,1963-06-07,XS-0202,alive,,2026-07-04T09:00:00Z,CRA-CORE
CP-000438,2313998945,Rina438,Mori,male,1992-11-22,XS-0203,alive,,2026-07-04T09:00:00Z,CRA-CORE
CP-000439,2314008074,Kiran439,Khan,female,1996-07-17,XS-0301,alive,,2026-07-04T09:00:00Z,CRA-CORE
CP-000440,2314017205,Eli440,Santos,male,1968-07-08,XS-0302,alive,,2026-07-04T09:00:00Z,CRA-CORE
CP-000441,2314026333,Mara441,Okafor,female,2016-12-17,XS-0303,alive,,2026-07-04T09:00:00Z,CRA-CORE
CP-000442,2314035466,Tala442,Dela Cruz,male,2018-12-13,XS-0401,alive,,2026-07-04T09:00:00Z,CRA-CORE
CP-000443,2314044595,Rafi443,Aquino,female,2017-10-11,XS-0402,alive,,2026-07-04T09:00:00Z,CRA-CORE
CP-000444,2314053721,Ari444,Kone,male,2024-04-04,XS-0403,alive,,2026-07-04T09:00:00Z,CRA-CORE
CP-000445,2314062851,Mika445,Mensah,female,1948-09-16,XS-0101,alive,,2026-07-04T09:00:00Z,CRA-CORE
CP-000446,2314071989,Nela446,Raman,male,1961-04-27,XS-0102,alive,,2026-07-04T09:00:00Z,CRA-CORE
CP-000447,2314081114,Tomas447,Almeida,female,2001-12-21,XS-0103,alive,,2026-07-04T09:00:00Z,CRA-CORE
CP-000448,2314090248,Lina448,Mori,male,1999-04-26,XS-0201,alive,,2026-07-04T09:00:00Z,CRA-CORE
CP-000449,2314099378,Zaid449,Khan,female,2000-08-12,XS-0202,alive,,2026-07-04T09:00:00Z,CRA-CORE
CP-000450,2314108501,Rina450,Santos,male,1947-07-19,XS-0203,alive,,2026-07-04T09:00:00Z,CRA-CORE
CP-000451,2314117636,Kiran451,Okafor,female,1985-10-24,XS-0301,alive,,2026-07-04T09:00:00Z,CRA-CORE
CP-000452,2314126767,Eli452,Dela Cruz,male,2017-03-12,XS-0302,alive,,2026-07-04T09:00:00Z,CRA-CORE
CP-000453,2314135890,Mara453,Aquino,female,1967-10-14,XS-0303,alive,,2026-07-04T09:00:00Z,CRA-CORE
CP-000454,2314145023,Tala454,Kone,male,1990-10-12,XS-0401,alive,,2026-07-04T09:00:00Z,CRA-CORE
CP-000455,2314154153,Rafi455,Mensah,female,2005-12-18,XS-0402,alive,,2026-07-04T09:00:00Z,CRA-CORE
CP-000456,2314163289,Ari456,Raman,male,2019-05-16,XS-0403,alive,,2026-07-04T09:00:00Z,CRA-CORE
CP-000457,2314172417,Mika457,Almeida,female,1991-01-02,XS-0101,alive,,2026-07-04T09:00:00Z,CRA-CORE
CP-000458,2314181549,Nela458,Mori,male,1960-08-28,XS-0102,alive,,2026-07-04T09:00:00Z,CRA-CORE
CP-000459,2314190672,Tomas459,Khan,female,1955-05-18,XS-0103,alive,,2026-07-04T09:00:00Z,CRA-CORE
CP-000460,2314199807,Lina460,Santos,male,2000-01-07,XS-0201,alive,,2026-07-04T09:00:00Z,CRA-CORE
CP-000461,2314208938,Zaid461,Okafor,female,1989-05-12,XS-0202,alive,,2026-07-04T09:00:00Z,CRA-CORE
CP-000462,2314218063,Rina462,Dela Cruz,male,1992-09-13,XS-0203,alive,,2026-07-04T09:00:00Z,CRA-CORE
CP-000463,2314227193,Kiran463,Aquino,female,1976-05-02,XS-0301,alive,,2026-07-04T09:00:00Z,CRA-CORE
CP-000464,2314236322,Eli464,Kone,male,2019-07-21,XS-0302,alive,,2026-07-04T09:00:00Z,CRA-CORE
CP-000465,2314245456,Mara465,Mensah,female,2014-04-19,XS-0303,alive,,2026-07-04T09:00:00Z,CRA-CORE
CP-000466,2314254587,Tala466,Raman,male,1958-07-15,XS-0401,alive,,2026-07-04T09:00:00Z,CRA-CORE
CP-000467,2314263711,Rafi467,Almeida,female,1983-06-07,XS-0402,alive,,2026-07-04T09:00:00Z,CRA-CORE
CP-000468,2314272840,Ari468,Mori,male,1958-03-27,XS-0403,alive,,2026-07-04T09:00:00Z,CRA-CORE
CP-000469,2314281979,Mika469,Khan,female,2017-10-05,XS-0101,alive,,2026-07-04T09:00:00Z,CRA-CORE
CP-000470,2314291105,Nela470,Santos,male,2007-11-19,XS-0102,alive,,2026-07-04T09:00:00Z,CRA-CORE
CP-000471,2314300231,Tomas471,Okafor,female,2000-02-20,XS-0103,alive,,2026-07-04T09:00:00Z,CRA-CORE
CP-000472,2314309367,Lina472,Dela Cruz,male,2008-04-21,XS-0201,alive,,2026-07-04T09:00:00Z,CRA-CORE
CP-000473,2314318493,Zaid473,Aquino,female,2020-03-14,XS-0202,alive,,2026-07-04T09:00:00Z,CRA-CORE
CP-000474,2314327629,Rina474,Kone,male,1974-09-24,XS-0203,alive,,2026-07-04T09:00:00Z,CRA-CORE
CP-000475,2314336752,Kiran475,Mensah,female,1995-12-20,XS-0301,alive,,2026-07-04T09:00:00Z,CRA-CORE
CP-000476,2314345883,Eli476,Raman,male,1970-06-03,XS-0302,alive,,2026-07-04T09:00:00Z,CRA-CORE
CP-000477,2314355019,Mara477,Almeida,female,1971-03-24,XS-0303,alive,,2026-07-04T09:00:00Z,CRA-CORE
CP-000478,2314364147,Tala478,Mori,male,1994-05-19,XS-0401,alive,,2026-07-04T09:00:00Z,CRA-CORE
CP-000479,2314373276,Rafi479,Khan,female,1978-01-26,XS-0402,alive,,2026-07-04T09:00:00Z,CRA-CORE
CP-000480,2314382408,Ari480,Santos,male,1956-10-23,XS-0403,alive,,2026-07-04T09:00:00Z,CRA-CORE
CP-000481,2314391532,Mika481,Okafor,female,1988-08-15,XS-0101,alive,,2026-07-04T09:00:00Z,CRA-CORE
CP-000482,2314400662,Nela482,Dela Cruz,male,1963-02-07,XS-0102,alive,,2026-07-04T09:00:00Z,CRA-CORE
CP-000483,2314409795,Tomas483,Aquino,female,1956-07-21,XS-0103,alive,,2026-07-04T09:00:00Z,CRA-CORE
CP-000484,2314418923,Lina484,Kone,male,2025-10-18,XS-0201,alive,,2026-07-04T09:00:00Z,CRA-CORE
CP-000485,2314428052,Zaid485,Mensah,female,1992-08-27,XS-0202,alive,,2026-07-04T09:00:00Z,CRA-CORE
CP-000486,2314437184,Rina486,Raman,male,1992-02-15,XS-0203,alive,,2026-07-04T09:00:00Z,CRA-CORE
CP-000487,2314446314,Kiran487,Almeida,female,1971-03-01,XS-0301,alive,,2026-07-04T09:00:00Z,CRA-CORE
CP-000488,2314455444,Eli488,Mori,male,1955-06-25,XS-0302,alive,,2026-07-04T09:00:00Z,CRA-CORE
CP-000489,2314464575,Mara489,Khan,female,1963-09-14,XS-0303,alive,,2026-07-04T09:00:00Z,CRA-CORE
CP-000490,2314473707,Tala490,Santos,male,2010-10-07,XS-0401,alive,,2026-07-04T09:00:00Z,CRA-CORE
CP-000491,2314482836,Rafi491,Okafor,female,1999-08-13,XS-0402,alive,,2026-07-04T09:00:00Z,CRA-CORE
CP-000492,2314491963,Ari492,Dela Cruz,male,1965-04-02,XS-0403,alive,,2026-07-04T09:00:00Z,CRA-CORE
CP-000493,2314501090,Mika493,Aquino,female,2009-02-23,XS-0101,alive,,2026-07-04T09:00:00Z,CRA-CORE
CP-000494,2314510227,Nela494,Kone,male,1995-02-17,XS-0102,alive,,2026-07-04T09:00:00Z,CRA-CORE
CP-000495,2314519356,Tomas495,Mensah,female,2007-05-14,XS-0103,alive,,2026-07-04T09:00:00Z,CRA-CORE
CP-000496,2314528480,Lina496,Raman,male,1993-04-23,XS-0201,alive,,2026-07-04T09:00:00Z,CRA-CORE
CP-000497,2314537613,Zaid497,Almeida,female,2021-03-19,XS-0202,alive,,2026-07-04T09:00:00Z,CRA-CORE
CP-000498,2314546746,Rina498,Mori,male,1998-08-14,XS-0203,alive,,2026-07-04T09:00:00Z,CRA-CORE
CP-000499,2314555879,Kiran499,Khan,female,2024-11-09,XS-0301,alive,,2026-07-04T09:00:00Z,CRA-CORE
CP-000500,2314565005,Eli500,Santos,male,2014-06-03,XS-0302,alive,,2026-07-04T09:00:00Z,CRA-CORE
CP-000501,2314574133,Mara501,Okafor,female,2000-08-18,XS-0303,alive,,2026-07-04T09:00:00Z,CRA-CORE
CP-000502,2314583266,Tala502,Dela Cruz,male,1953-09-08,XS-0401,alive,,2026-07-04T09:00:00Z,CRA-CORE
CP-000503,2314592397,Rafi503,Aquino,female,1940-10-23,XS-0402,alive,,2026-07-04T09:00:00Z,CRA-CORE
CP-000504,2314601521,Ari504,Kone,male,2020-02-11,XS-0403,alive,,2026-07-04T09:00:00Z,CRA-CORE
CP-000505,2314610655,Mika505,Mensah,female,1957-08-26,XS-0101,alive,,2026-07-04T09:00:00Z,CRA-CORE
CP-000506,2314619784,Nela506,Raman,male,2016-11-01,XS-0102,alive,,2026-07-04T09:00:00Z,CRA-CORE
CP-000507,2314628913,Tomas507,Almeida,female,2014-05-13,XS-0103,alive,,2026-07-04T09:00:00Z,CRA-CORE
CP-000508,2314638046,Lina508,Mori,male,2002-04-24,XS-0201,alive,,2026-07-04T09:00:00Z,CRA-CORE
CP-000509,2314647170,Zaid509,Khan,female,2019-01-26,XS-0202,alive,,2026-07-04T09:00:00Z,CRA-CORE
CP-000510,2314656300,Rina510,Santos,male,1976-12-16,XS-0203,alive,,2026-07-04T09:00:00Z,CRA-CORE
CP-000511,2314665438,Kiran511,Okafor,female,2022-04-08,XS-0301,alive,,2026-07-04T09:00:00Z,CRA-CORE
CP-000512,2314674560,Eli512,Dela Cruz,male,1979-10-01,XS-0302,alive,,2026-07-04T09:00:00Z,CRA-CORE
CP-000513,2314683695,Mara513,Aquino,female,1998-09-01,XS-0303,alive,,2026-07-04T09:00:00Z,CRA-CORE
CP-000514,2314692826,Tala514,Kone,male,1990-04-19,XS-0401,alive,,2026-07-04T09:00:00Z,CRA-CORE
CP-000515,2314701950,Rafi515,Mensah,female,1953-03-04,XS-0402,alive,,2026-07-04T09:00:00Z,CRA-CORE
CP-000516,2314711082,Ari516,Raman,male,1971-03-08,XS-0403,alive,,2026-07-04T09:00:00Z,CRA-CORE
CP-000517,2314720214,Mika517,Almeida,female,1998-09-15,XS-0101,alive,,2026-07-04T09:00:00Z,CRA-CORE
CP-000518,2314729348,Nela518,Mori,male,1979-05-09,XS-0102,alive,,2026-07-04T09:00:00Z,CRA-CORE
CP-000519,2314738474,Tomas519,Khan,female,1969-02-17,XS-0103,alive,,2026-07-04T09:00:00Z,CRA-CORE
CP-000520,2314747609,Lina520,Santos,male,2007-07-17,XS-0201,alive,,2026-07-04T09:00:00Z,CRA-CORE
CP-000521,2314756731,Zaid521,Okafor,female,1990-10-27,XS-0202,alive,,2026-07-04T09:00:00Z,CRA-CORE
CP-000522,2314765864,Rina522,Dela Cruz,male,2019-05-11,XS-0203,alive,,2026-07-04T09:00:00Z,CRA-CORE
CP-000523,2314774992,Kiran523,Aquino,female,2007-11-18,XS-0301,alive,,2026-07-04T09:00:00Z,CRA-CORE
CP-000524,2314784120,Eli524,Kone,male,2006-10-23,XS-0302,alive,,2026-07-04T09:00:00Z,CRA-CORE
CP-000525,2314793258,Mara525,Mensah,female,1957-08-08,XS-0303,alive,,2026-07-04T09:00:00Z,CRA-CORE
CP-000526,2314802381,Tala526,Raman,male,2010-08-23,XS-0401,alive,,2026-07-04T09:00:00Z,CRA-CORE
CP-000527,2314811518,Rafi527,Almeida,female,2000-05-06,XS-0402,alive,,2026-07-04T09:00:00Z,CRA-CORE
CP-000528,2314820647,Ari528,Mori,male,1958-05-06,XS-0403,alive,,2026-07-04T09:00:00Z,CRA-CORE
CP-000529,2314829774,Mika529,Khan,female,2007-01-01,XS-0101,alive,,2026-07-04T09:00:00Z,CRA-CORE
CP-000530,2314838904,Nela530,Santos,male,2019-11-18,XS-0102,alive,,2026-07-04T09:00:00Z,CRA-CORE
CP-000531,2314848033,Tomas531,Okafor,female,1991-02-18,XS-0103,alive,,2026-07-04T09:00:00Z,CRA-CORE
CP-000532,2314857164,Lina532,Dela Cruz,male,1965-09-21,XS-0201,alive,,2026-07-04T09:00:00Z,CRA-CORE
CP-000533,2314866295,Zaid533,Aquino,female,1971-05-03,XS-0202,alive,,2026-07-04T09:00:00Z,CRA-CORE
CP-000534,2314875429,Rina534,Kone,male,1967-07-19,XS-0203,alive,,2026-07-04T09:00:00Z,CRA-CORE
CP-000535,2314884558,Kiran535,Mensah,female,1945-11-02,XS-0301,alive,,2026-07-04T09:00:00Z,CRA-CORE
CP-000536,2314893686,Eli536,Raman,male,1965-02-22,XS-0302,alive,,2026-07-04T09:00:00Z,CRA-CORE
CP-000537,2314902810,Mara537,Almeida,female,2010-04-10,XS-0303,alive,,2026-07-04T09:00:00Z,CRA-CORE
CP-000538,2314911945,Tala538,Mori,male,1967-06-02,XS-0401,alive,,2026-07-04T09:00:00Z,CRA-CORE
CP-000539,2314921077,Rafi539,Khan,female,1999-06-12,XS-0402,alive,,2026-07-04T09:00:00Z,CRA-CORE
CP-000540,2314930207,Ari540,Santos,male,1958-12-23,XS-0403,alive,,2026-07-04T09:00:00Z,CRA-CORE
CP-000541,2314939332,Mika541,Okafor,female,2009-10-19,XS-0101,alive,,2026-07-04T09:00:00Z,CRA-CORE
CP-000542,2314948468,Nela542,Dela Cruz,male,2023-09-15,XS-0102,alive,,2026-07-04T09:00:00Z,CRA-CORE
CP-000543,2314957591,Tomas543,Aquino,female,1966-05-25,XS-0103,alive,,2026-07-04T09:00:00Z,CRA-CORE
CP-000544,2314966724,Lina544,Kone,male,2022-12-04,XS-0201,alive,,2026-07-04T09:00:00Z,CRA-CORE
CP-000545,2314975854,Zaid545,Mensah,female,2017-10-09,XS-0202,alive,,2026-07-04T09:00:00Z,CRA-CORE
CP-000546,2314984981,Rina546,Raman,male,1966-11-01,XS-0203,alive,,2026-07-04T09:00:00Z,CRA-CORE
CP-000547,2314994114,Kiran547,Almeida,female,1960-06-23,XS-0301,alive,,2026-07-04T09:00:00Z,CRA-CORE
CP-000548,2315003248,Eli548,Mori,male,1978-07-05,XS-0302,alive,,2026-07-04T09:00:00Z,CRA-CORE
CP-000549,2315012377,Mara549,Khan,female,1942-08-04,XS-0303,alive,,2026-07-04T09:00:00Z,CRA-CORE
CP-000550,2315021503,Tala550,Santos,male,2002-01-08,XS-0401,alive,,2026-07-04T09:00:00Z,CRA-CORE
CP-000551,2315030634,Rafi551,Okafor,female,1996-02-28,XS-0402,alive,,2026-07-04T09:00:00Z,CRA-CORE
CP-000552,2315039761,Ari552,Dela Cruz,male,1942-09-12,XS-0403,alive,,2026-07-04T09:00:00Z,CRA-CORE
CP-000553,2315048895,Mika553,Aquino,female,1993-08-25,XS-0101,alive,,2026-07-04T09:00:00Z,CRA-CORE
CP-000554,2315058025,Nela554,Kone,male,1976-12-19,XS-0102,alive,,2026-07-04T09:00:00Z,CRA-CORE
CP-000555,2315067158,Tomas555,Mensah,female,2004-09-08,XS-0103,alive,,2026-07-04T09:00:00Z,CRA-CORE
CP-000556,2315076287,Lina556,Raman,male,1973-05-05,XS-0201,alive,,2026-07-04T09:00:00Z,CRA-CORE
CP-000557,2315085410,Zaid557,Almeida,female,2005-06-18,XS-0202,alive,,2026-07-04T09:00:00Z,CRA-CORE
CP-000558,2315094543,Rina558,Mori,male,2012-05-20,XS-0203,alive,,2026-07-04T09:00:00Z,CRA-CORE
CP-000559,2315103673,Kiran559,Khan,female,1968-05-15,XS-0301,alive,,2026-07-04T09:00:00Z,CRA-CORE
CP-000560,2315112807,Eli560,Santos,male,1950-05-07,XS-0302,alive,,2026-07-04T09:00:00Z,CRA-CORE
CP-000561,2315121932,Mara561,Okafor,female,1999-06-09,XS-0303,alive,,2026-07-04T09:00:00Z,CRA-CORE
CP-000562,2315131069,Tala562,Dela Cruz,male,1996-11-16,XS-0401,alive,,2026-07-04T09:00:00Z,CRA-CORE
CP-000563,2315140197,Rafi563,Aquino,female,1961-07-19,XS-0402,alive,,2026-07-04T09:00:00Z,CRA-CORE
CP-000564,2315149325,Ari564,Kone,male,2017-02-11,XS-0403,alive,,2026-07-04T09:00:00Z,CRA-CORE
CP-000565,2315158457,Mika565,Mensah,female,2001-03-24,XS-0101,alive,,2026-07-04T09:00:00Z,CRA-CORE
CP-000566,2315167586,Nela566,Raman,male,2011-12-18,XS-0102,alive,,2026-07-04T09:00:00Z,CRA-CORE
CP-000567,2315176715,Tomas567,Almeida,female,1958-07-22,XS-0103,alive,,2026-07-04T09:00:00Z,CRA-CORE
CP-000568,2315185840,Lina568,Mori,male,2008-10-10,XS-0201,alive,,2026-07-04T09:00:00Z,CRA-CORE
CP-000569,2315194979,Zaid569,Khan,female,2007-12-10,XS-0202,alive,,2026-07-04T09:00:00Z,CRA-CORE
CP-000570,2315204102,Rina570,Santos,male,2018-07-28,XS-0203,alive,,2026-07-04T09:00:00Z,CRA-CORE
CP-000571,2315213233,Kiran571,Okafor,female,2023-04-24,XS-0301,alive,,2026-07-04T09:00:00Z,CRA-CORE
CP-000572,2315222369,Eli572,Dela Cruz,male,1969-02-13,XS-0302,alive,,2026-07-04T09:00:00Z,CRA-CORE
CP-000573,2315231492,Mara573,Aquino,female,1996-11-18,XS-0303,alive,,2026-07-04T09:00:00Z,CRA-CORE
CP-000574,2315240625,Tala574,Kone,male,1959-03-09,XS-0401,alive,,2026-07-04T09:00:00Z,CRA-CORE
CP-000575,2315249751,Rafi575,Mensah,female,2014-03-15,XS-0402,alive,,2026-07-04T09:00:00Z,CRA-CORE
CP-000576,2315259254,Ari576,Raman,male,2011-02-22,XS-0403,alive,,2026-07-04T09:00:00Z,CRA-CORE
CP-000577,2315268015,Mika577,Almeida,female,2015-11-21,XS-0101,alive,,2026-07-04T09:00:00Z,CRA-CORE
CP-000578,2315277145,Nela578,Mori,male,1983-12-08,XS-0102,alive,,2026-07-04T09:00:00Z,CRA-CORE
CP-000579,2315286277,Tomas579,Khan,female,2012-05-28,XS-0103,alive,,2026-07-04T09:00:00Z,CRA-CORE
CP-000580,2315295406,Lina580,Santos,male,1962-09-18,XS-0201,alive,,2026-07-04T09:00:00Z,CRA-CORE
CP-000581,2315304535,Zaid581,Okafor,female,1984-03-22,XS-0202,alive,,2026-07-04T09:00:00Z,CRA-CORE
CP-000582,2315313662,Rina582,Dela Cruz,male,1968-12-12,XS-0203,alive,,2026-07-04T09:00:00Z,CRA-CORE
CP-000583,2315322795,Kiran583,Aquino,female,1995-03-17,XS-0301,alive,,2026-07-04T09:00:00Z,CRA-CORE
CP-000584,2315331920,Eli584,Kone,male,1972-11-20,XS-0302,alive,,2026-07-04T09:00:00Z,CRA-CORE
CP-000585,2315341055,Mara585,Mensah,female,1958-07-08,XS-0303,alive,,2026-07-04T09:00:00Z,CRA-CORE
CP-000586,2315350186,Tala586,Raman,male,1972-03-08,XS-0401,alive,,2026-07-04T09:00:00Z,CRA-CORE
CP-000587,2315359312,Rafi587,Almeida,female,2003-05-09,XS-0402,alive,,2026-07-04T09:00:00Z,CRA-CORE
CP-000588,2315368443,Ari588,Mori,male,1992-07-16,XS-0403,alive,,2026-07-04T09:00:00Z,CRA-CORE
CP-000589,2315377576,Mika589,Khan,female,2017-08-17,XS-0101,alive,,2026-07-04T09:00:00Z,CRA-CORE
CP-000590,2315386706,Nela590,Santos,male,1958-05-02,XS-0102,alive,,2026-07-04T09:00:00Z,CRA-CORE
CP-000591,2315395837,Tomas591,Okafor,female,2015-02-08,XS-0103,alive,,2026-07-04T09:00:00Z,CRA-CORE
CP-000592,2315404969,Lina592,Dela Cruz,male,1967-08-08,XS-0201,alive,,2026-07-04T09:00:00Z,CRA-CORE
CP-000593,2315414095,Zaid593,Aquino,female,1996-01-20,XS-0202,alive,,2026-07-04T09:00:00Z,CRA-CORE
CP-000594,2315423226,Rina594,Kone,male,1958-11-23,XS-0203,alive,,2026-07-04T09:00:00Z,CRA-CORE
CP-000595,2315432356,Kiran595,Mensah,female,1967-07-09,XS-0301,alive,,2026-07-04T09:00:00Z,CRA-CORE
CP-000596,2315441485,Eli596,Raman,male,1979-04-28,XS-0302,alive,,2026-07-04T09:00:00Z,CRA-CORE
CP-000597,2315450615,Mara597,Almeida,female,2014-04-20,XS-0303,alive,,2026-07-04T09:00:00Z,CRA-CORE
CP-000598,2315459748,Tala598,Mori,male,1960-09-15,XS-0401,alive,,2026-07-04T09:00:00Z,CRA-CORE
CP-000599,2315468877,Rafi599,Khan,female,1992-10-20,XS-0402,alive,,2026-07-04T09:00:00Z,CRA-CORE
CP-000600,2315478004,Ari600,Santos,male,2007-03-14,XS-0403,alive,,2026-07-04T09:00:00Z,CRA-CORE
CP-000601,2315487134,Mika601,Okafor,female,1968-02-20,XS-0101,alive,,2026-07-04T09:00:00Z,CRA-CORE
CP-000602,2315496264,Nela602,Dela Cruz,male,2020-12-20,XS-0102,alive,,2026-07-04T09:00:00Z,CRA-CORE
CP-000603,2315505398,Tomas603,Aquino,female,2007-05-11,XS-0103,alive,,2026-07-04T09:00:00Z,CRA-CORE
CP-000604,2315514521,Lina604,Kone,male,1948-02-22,XS-0201,alive,,2026-07-04T09:00:00Z,CRA-CORE
CP-000605,2315523650,Zaid605,Mensah,female,1946-10-07,XS-0202,alive,,2026-07-04T09:00:00Z,CRA-CORE
CP-000606,2315532787,Rina606,Raman,male,1998-07-18,XS-0203,alive,,2026-07-04T09:00:00Z,CRA-CORE
CP-000607,2315541913,Kiran607,Almeida,female,2014-01-10,XS-0301,alive,,2026-07-04T09:00:00Z,CRA-CORE
CP-000608,2315551043,Eli608,Mori,male,2010-11-21,XS-0302,alive,,2026-07-04T09:00:00Z,CRA-CORE
CP-000609,2315560179,Mara609,Khan,female,2004-02-27,XS-0303,alive,,2026-07-04T09:00:00Z,CRA-CORE
CP-000610,2315569303,Tala610,Santos,male,2010-03-12,XS-0401,alive,,2026-07-04T09:00:00Z,CRA-CORE
CP-000611,2315578437,Rafi611,Okafor,female,1986-05-16,XS-0402,alive,,2026-07-04T09:00:00Z,CRA-CORE
CP-000612,2315587567,Ari612,Dela Cruz,male,1953-09-15,XS-0403,alive,,2026-07-04T09:00:00Z,CRA-CORE
CP-000613,2315596695,Mika613,Aquino,female,1961-06-26,XS-0101,alive,,2026-07-04T09:00:00Z,CRA-CORE
CP-000614,2315605828,Nela614,Kone,male,1966-09-12,XS-0102,alive,,2026-07-04T09:00:00Z,CRA-CORE
CP-000615,2315614951,Tomas615,Mensah,female,1987-09-10,XS-0103,alive,,2026-07-04T09:00:00Z,CRA-CORE
CP-000616,2315624084,Lina616,Raman,male,2004-06-19,XS-0201,alive,,2026-07-04T09:00:00Z,CRA-CORE
CP-000617,2315633215,Zaid617,Almeida,female,2007-01-18,XS-0202,alive,,2026-07-04T09:00:00Z,CRA-CORE
CP-000618,2315642345,Rina618,Mori,male,1973-10-17,XS-0203,alive,,2026-07-04T09:00:00Z,CRA-CORE
CP-000619,2315651478,Kiran619,Khan,female,1950-09-05,XS-0301,alive,,2026-07-04T09:00:00Z,CRA-CORE
CP-000620,2315660603,Eli620,Santos,male,1969-09-06,XS-0302,alive,,2026-07-04T09:00:00Z,CRA-CORE
CP-000621,2315669734,Mara621,Okafor,female,1975-12-13,XS-0303,alive,,2026-07-04T09:00:00Z,CRA-CORE
CP-000622,2315678861,Tala622,Dela Cruz,male,2025-11-06,XS-0401,alive,,2026-07-04T09:00:00Z,CRA-CORE
CP-000623,2315687997,Rafi623,Aquino,female,1970-10-01,XS-0402,alive,,2026-07-04T09:00:00Z,CRA-CORE
CP-000624,2315697124,Ari624,Kone,male,1967-12-17,XS-0403,alive,,2026-07-04T09:00:00Z,CRA-CORE
CP-000625,2315706250,Mika625,Mensah,female,1998-07-10,XS-0101,alive,,2026-07-04T09:00:00Z,CRA-CORE
CP-000626,2315715389,Nela626,Raman,male,1967-02-24,XS-0102,alive,,2026-07-04T09:00:00Z,CRA-CORE
CP-000627,2315724517,Tomas627,Almeida,female,1963-05-07,XS-0103,alive,,2026-07-04T09:00:00Z,CRA-CORE
CP-000628,2315733641,Lina628,Mori,male,2018-12-12,XS-0201,alive,,2026-07-04T09:00:00Z,CRA-CORE
CP-000629,2315742773,Zaid629,Khan,female,2007-10-06,XS-0202,alive,,2026-07-04T09:00:00Z,CRA-CORE
CP-000630,2315751906,Rina630,Santos,male,2008-06-28,XS-0203,alive,,2026-07-04T09:00:00Z,CRA-CORE
CP-000631,2315761032,Kiran631,Okafor,female,1962-09-27,XS-0301,alive,,2026-07-04T09:00:00Z,CRA-CORE
CP-000632,2315770167,Eli632,Dela Cruz,male,1994-06-09,XS-0302,alive,,2026-07-04T09:00:00Z,CRA-CORE
CP-000633,2315779293,Mara633,Aquino,female,2024-03-11,XS-0303,alive,,2026-07-04T09:00:00Z,CRA-CORE
CP-000634,2315788425,Tala634,Kone,male,1990-01-07,XS-0401,alive,,2026-07-04T09:00:00Z,CRA-CORE
CP-000635,2315797555,Rafi635,Mensah,female,1985-06-18,XS-0402,alive,,2026-07-04T09:00:00Z,CRA-CORE
CP-000636,2315806680,Ari636,Raman,male,1957-04-08,XS-0403,alive,,2026-07-04T09:00:00Z,CRA-CORE
CP-000637,2315815812,Mika637,Almeida,female,2024-06-07,XS-0101,alive,,2026-07-04T09:00:00Z,CRA-CORE
CP-000638,2315824941,Nela638,Mori,male,1991-09-07,XS-0102,alive,,2026-07-04T09:00:00Z,CRA-CORE
CP-000639,2315834073,Tomas639,Khan,female,2009-05-12,XS-0103,alive,,2026-07-04T09:00:00Z,CRA-CORE
CP-000640,2315843204,Lina640,Santos,male,1955-08-22,XS-0201,alive,,2026-07-04T09:00:00Z,CRA-CORE
CP-000641,2315852330,Zaid641,Okafor,female,2006-04-26,XS-0202,alive,,2026-07-04T09:00:00Z,CRA-CORE
CP-000642,2315861463,Rina642,Dela Cruz,male,2007-02-16,XS-0203,alive,,2026-07-04T09:00:00Z,CRA-CORE
CP-000643,2315870592,Kiran643,Aquino,female,2001-11-01,XS-0301,alive,,2026-07-04T09:00:00Z,CRA-CORE
CP-000644,2315879723,Eli644,Kone,male,1986-07-03,XS-0302,alive,,2026-07-04T09:00:00Z,CRA-CORE
CP-000645,2315889223,Mara645,Mensah,female,2019-02-25,XS-0303,alive,,2026-07-04T09:00:00Z,CRA-CORE
CP-000646,2315897987,Tala646,Raman,male,2021-10-18,XS-0401,alive,,2026-07-04T09:00:00Z,CRA-CORE
CP-000647,2315907119,Rafi647,Almeida,female,1994-06-04,XS-0402,alive,,2026-07-04T09:00:00Z,CRA-CORE
CP-000648,2315916245,Ari648,Mori,male,2009-02-05,XS-0403,alive,,2026-07-04T09:00:00Z,CRA-CORE
CP-000649,2315925374,Mika649,Khan,female,2011-08-21,XS-0101,alive,,2026-07-04T09:00:00Z,CRA-CORE
CP-000650,2315934504,Nela650,Santos,male,1994-05-05,XS-0102,alive,,2026-07-04T09:00:00Z,CRA-CORE
CP-000651,2315943631,Tomas651,Okafor,female,1956-05-03,XS-0103,alive,,2026-07-04T09:00:00Z,CRA-CORE
CP-000652,2315952768,Lina652,Dela Cruz,male,2025-08-23,XS-0201,alive,,2026-07-04T09:00:00Z,CRA-CORE
CP-000653,2315961897,Zaid653,Aquino,female,1971-04-26,XS-0202,alive,,2026-07-04T09:00:00Z,CRA-CORE
CP-000654,2315971029,Rina654,Kone,male,1990-07-13,XS-0203,alive,,2026-07-04T09:00:00Z,CRA-CORE
CP-000655,2315980157,Kiran655,Mensah,female,2014-03-21,XS-0301,alive,,2026-07-04T09:00:00Z,CRA-CORE
CP-000656,2315989282,Eli656,Raman,male,2000-05-02,XS-0302,alive,,2026-07-04T09:00:00Z,CRA-CORE
CP-000657,2315998416,Mara657,Almeida,female,2015-08-14,XS-0303,alive,,2026-07-04T09:00:00Z,CRA-CORE
CP-000658,2316007545,Tala658,Mori,male,1987-10-24,XS-0401,alive,,2026-07-04T09:00:00Z,CRA-CORE
CP-000659,2316016679,Rafi659,Khan,female,2001-06-27,XS-0402,alive,,2026-07-04T09:00:00Z,CRA-CORE
CP-000660,2316025809,Ari660,Santos,male,2014-01-03,XS-0403,alive,,2026-07-04T09:00:00Z,CRA-CORE
CP-000661,2316034936,Mika661,Okafor,female,2016-09-08,XS-0101,alive,,2026-07-04T09:00:00Z,CRA-CORE
CP-000662,2316044067,Nela662,Dela Cruz,male,2024-10-20,XS-0102,alive,,2026-07-04T09:00:00Z,CRA-CORE
CP-000663,2316053192,Tomas663,Aquino,female,1983-04-11,XS-0103,alive,,2026-07-04T09:00:00Z,CRA-CORE
CP-000664,2316062323,Lina664,Kone,male,1990-02-12,XS-0201,alive,,2026-07-04T09:00:00Z,CRA-CORE
CP-000665,2316071453,Zaid665,Mensah,female,2002-06-09,XS-0202,alive,,2026-07-04T09:00:00Z,CRA-CORE
CP-000666,2316080584,Rina666,Raman,male,1974-12-07,XS-0203,alive,,2026-07-04T09:00:00Z,CRA-CORE
CP-000667,2316089719,Kiran667,Almeida,female,2003-03-10,XS-0301,alive,,2026-07-04T09:00:00Z,CRA-CORE
CP-000668,2316098842,Eli668,Mori,male,1967-01-14,XS-0302,alive,,2026-07-04T09:00:00Z,CRA-CORE
CP-000669,2316107974,Mara669,Khan,female,2005-09-08,XS-0303,alive,,2026-07-04T09:00:00Z,CRA-CORE
CP-000670,2316117104,Tala670,Santos,male,2019-04-01,XS-0401,alive,,2026-07-04T09:00:00Z,CRA-CORE
CP-000671,2316126234,Rafi671,Okafor,female,1982-05-19,XS-0402,alive,,2026-07-04T09:00:00Z,CRA-CORE
CP-000672,2316135364,Ari672,Dela Cruz,male,2011-06-08,XS-0403,alive,,2026-07-04T09:00:00Z,CRA-CORE
CP-000673,2316144497,Mika673,Aquino,female,1974-03-08,XS-0101,alive,,2026-07-04T09:00:00Z,CRA-CORE
CP-000674,2316153627,Nela674,Kone,male,1971-10-04,XS-0102,alive,,2026-07-04T09:00:00Z,CRA-CORE
CP-000675,2316162752,Tomas675,Mensah,female,1957-09-02,XS-0103,alive,,2026-07-04T09:00:00Z,CRA-CORE
CP-000676,2316171886,Lina676,Raman,male,2022-05-08,XS-0201,alive,,2026-07-04T09:00:00Z,CRA-CORE
CP-000677,2316181010,Zaid677,Almeida,female,1962-08-23,XS-0202,alive,,2026-07-04T09:00:00Z,CRA-CORE
CP-000678,2316190140,Rina678,Mori,male,1966-10-19,XS-0203,alive,,2026-07-04T09:00:00Z,CRA-CORE
CP-000679,2316199279,Kiran679,Khan,female,2007-12-26,XS-0301,alive,,2026-07-04T09:00:00Z,CRA-CORE
CP-000680,2316208409,Eli680,Santos,male,1941-09-10,XS-0302,alive,,2026-07-04T09:00:00Z,CRA-CORE
CP-000681,2316217534,Mara681,Okafor,female,2003-08-20,XS-0303,alive,,2026-07-04T09:00:00Z,CRA-CORE
CP-000682,2316227038,Tala682,Dela Cruz,male,1965-08-11,XS-0401,alive,,2026-07-04T09:00:00Z,CRA-CORE
CP-000683,2316235799,Rafi683,Aquino,female,1996-11-22,XS-0402,alive,,2026-07-04T09:00:00Z,CRA-CORE
CP-000684,2316244923,Ari684,Kone,male,2000-03-28,XS-0403,alive,,2026-07-04T09:00:00Z,CRA-CORE
CP-000685,2316254057,Mika685,Mensah,female,2008-11-16,XS-0101,alive,,2026-07-04T09:00:00Z,CRA-CORE
CP-000686,2316263188,Nela686,Raman,male,1973-07-03,XS-0102,alive,,2026-07-04T09:00:00Z,CRA-CORE
CP-000687,2316272315,Tomas687,Almeida,female,1982-04-08,XS-0103,alive,,2026-07-04T09:00:00Z,CRA-CORE
CP-000688,2316281440,Lina688,Mori,male,1990-12-14,XS-0201,alive,,2026-07-04T09:00:00Z,CRA-CORE
CP-000689,2316290578,Zaid689,Khan,female,1965-12-01,XS-0202,alive,,2026-07-04T09:00:00Z,CRA-CORE
CP-000690,2316299703,Rina690,Santos,male,1991-12-14,XS-0203,alive,,2026-07-04T09:00:00Z,CRA-CORE
CP-000691,2316308836,Kiran691,Okafor,female,2000-03-10,XS-0301,alive,,2026-07-04T09:00:00Z,CRA-CORE
CP-000692,2316317964,Eli692,Dela Cruz,male,1979-01-03,XS-0302,alive,,2026-07-04T09:00:00Z,CRA-CORE
CP-000693,2316327091,Mara693,Aquino,female,1972-05-14,XS-0303,alive,,2026-07-04T09:00:00Z,CRA-CORE
CP-000694,2316336224,Tala694,Kone,male,2009-05-19,XS-0401,alive,,2026-07-04T09:00:00Z,CRA-CORE
CP-000695,2316345350,Rafi695,Mensah,female,2022-01-18,XS-0402,alive,,2026-07-04T09:00:00Z,CRA-CORE
CP-000696,2316354489,Ari696,Raman,male,1996-11-26,XS-0403,alive,,2026-07-04T09:00:00Z,CRA-CORE
CP-000697,2316363619,Mika697,Almeida,female,1981-12-01,XS-0101,alive,,2026-07-04T09:00:00Z,CRA-CORE
CP-000698,2316372743,Nela698,Mori,male,2025-01-05,XS-0102,alive,,2026-07-04T09:00:00Z,CRA-CORE
CP-000699,2316381876,Tomas699,Khan,female,2021-10-24,XS-0103,alive,,2026-07-04T09:00:00Z,CRA-CORE
CP-000700,2316391007,Lina700,Santos,male,1968-05-28,XS-0201,alive,,2026-07-04T09:00:00Z,CRA-CORE
CP-000701,2316400136,Zaid701,Okafor,female,1993-01-25,XS-0202,alive,,2026-07-04T09:00:00Z,CRA-CORE
CP-000702,2316409265,Rina702,Dela Cruz,male,1945-05-05,XS-0203,alive,,2026-07-04T09:00:00Z,CRA-CORE
CP-000703,2316418397,Kiran703,Aquino,female,2000-12-01,XS-0301,alive,,2026-07-04T09:00:00Z,CRA-CORE
CP-000704,2316427527,Eli704,Kone,male,2005-07-23,XS-0302,alive,,2026-07-04T09:00:00Z,CRA-CORE
CP-000705,2316436657,Mara705,Mensah,female,1956-05-16,XS-0303,alive,,2026-07-04T09:00:00Z,CRA-CORE
CP-000706,2316445781,Tala706,Raman,male,1983-05-12,XS-0401,alive,,2026-07-04T09:00:00Z,CRA-CORE
CP-000707,2316454913,Rafi707,Almeida,female,1966-03-20,XS-0402,alive,,2026-07-04T09:00:00Z,CRA-CORE
CP-000708,2316464045,Ari708,Mori,male,1983-03-26,XS-0403,alive,,2026-07-04T09:00:00Z,CRA-CORE
CP-000709,2316473174,Mika709,Khan,female,1997-11-19,XS-0101,alive,,2026-07-04T09:00:00Z,CRA-CORE
CP-000710,2316482302,Nela710,Santos,male,1971-07-09,XS-0102,alive,,2026-07-04T09:00:00Z,CRA-CORE
CP-000711,2316491431,Tomas711,Okafor,female,1974-06-26,XS-0103,alive,,2026-07-04T09:00:00Z,CRA-CORE
CP-000712,2316500563,Lina712,Dela Cruz,male,1971-10-09,XS-0201,alive,,2026-07-04T09:00:00Z,CRA-CORE
CP-000713,2316509694,Zaid713,Aquino,female,2006-03-22,XS-0202,alive,,2026-07-04T09:00:00Z,CRA-CORE
CP-000714,2316518824,Rina714,Kone,male,1976-06-27,XS-0203,alive,,2026-07-04T09:00:00Z,CRA-CORE
CP-000715,2316527950,Kiran715,Mensah,female,1967-12-10,XS-0301,alive,,2026-07-04T09:00:00Z,CRA-CORE
CP-000716,2316537080,Eli716,Raman,male,1982-03-16,XS-0302,alive,,2026-07-04T09:00:00Z,CRA-CORE
CP-000717,2316546210,Mara717,Almeida,female,2001-06-09,XS-0303,alive,,2026-07-04T09:00:00Z,CRA-CORE
CP-000718,2316555347,Tala718,Mori,male,1968-05-07,XS-0401,alive,,2026-07-04T09:00:00Z,CRA-CORE
CP-000719,2316564477,Rafi719,Khan,female,1990-08-17,XS-0402,alive,,2026-07-04T09:00:00Z,CRA-CORE
CP-000720,2316573602,Ari720,Santos,male,1967-08-23,XS-0403,alive,,2026-07-04T09:00:00Z,CRA-CORE
CP-000721,2316582738,Mika721,Okafor,female,2004-07-13,XS-0101,alive,,2026-07-04T09:00:00Z,CRA-CORE
CP-000722,2316591860,Nela722,Dela Cruz,male,1986-11-09,XS-0102,alive,,2026-07-04T09:00:00Z,CRA-CORE
CP-000723,2316600991,Tomas723,Aquino,female,1994-04-07,XS-0103,alive,,2026-07-04T09:00:00Z,CRA-CORE
CP-000724,2316610129,Lina724,Kone,male,2001-12-16,XS-0201,alive,,2026-07-04T09:00:00Z,CRA-CORE
CP-000725,2316619251,Zaid725,Mensah,female,2005-03-26,XS-0202,alive,,2026-07-04T09:00:00Z,CRA-CORE
CP-000726,2316628382,Rina726,Raman,male,2014-09-16,XS-0203,alive,,2026-07-04T09:00:00Z,CRA-CORE
CP-000727,2316637519,Kiran727,Almeida,female,2014-01-15,XS-0301,alive,,2026-07-04T09:00:00Z,CRA-CORE
CP-000728,2316646645,Eli728,Mori,male,1940-03-28,XS-0302,alive,,2026-07-04T09:00:00Z,CRA-CORE
CP-000729,2316655774,Mara729,Khan,female,2006-10-27,XS-0303,alive,,2026-07-04T09:00:00Z,CRA-CORE
CP-000730,2316670082,Tala730,Santos,male,1948-11-19,XS-0401,alive,,2026-07-04T09:00:00Z,CRA-CORE
CP-000731,2316674035,Rafi731,Okafor,female,1994-12-25,XS-0402,alive,,2026-07-04T09:00:00Z,CRA-CORE
CP-000732,2316683168,Ari732,Dela Cruz,male,1951-03-26,XS-0403,alive,,2026-07-04T09:00:00Z,CRA-CORE
CP-000733,2316692291,Mika733,Aquino,female,1984-06-19,XS-0101,alive,,2026-07-04T09:00:00Z,CRA-CORE
CP-000734,2316701428,Nela734,Kone,male,1981-02-17,XS-0102,alive,,2026-07-04T09:00:00Z,CRA-CORE
CP-000735,2316710550,Tomas735,Mensah,female,1997-11-22,XS-0103,alive,,2026-07-04T09:00:00Z,CRA-CORE
CP-000736,2316719682,Lina736,Raman,male,1968-01-11,XS-0201,alive,,2026-07-04T09:00:00Z,CRA-CORE
CP-000737,2316728817,Zaid737,Almeida,female,1992-11-13,XS-0202,alive,,2026-07-04T09:00:00Z,CRA-CORE
CP-000738,2316737942,Rina738,Mori,male,1969-11-06,XS-0203,alive,,2026-07-04T09:00:00Z,CRA-CORE
CP-000739,2316747079,Kiran739,Khan,female,1941-07-04,XS-0301,alive,,2026-07-04T09:00:00Z,CRA-CORE
CP-000740,2316756209,Eli740,Santos,male,2022-11-24,XS-0302,alive,,2026-07-04T09:00:00Z,CRA-CORE
CP-000741,2316765336,Mara741,Okafor,female,1954-04-17,XS-0303,alive,,2026-07-04T09:00:00Z,CRA-CORE
CP-000742,2316774465,Tala742,Dela Cruz,male,2022-10-03,XS-0401,alive,,2026-07-04T09:00:00Z,CRA-CORE
CP-000743,2316783594,Rafi743,Aquino,female,2017-08-26,XS-0402,alive,,2026-07-04T09:00:00Z,CRA-CORE
CP-000744,2316792723,Ari744,Kone,male,1957-05-10,XS-0403,alive,,2026-07-04T09:00:00Z,CRA-CORE
CP-000745,2316801858,Mika745,Mensah,female,1972-05-15,XS-0101,alive,,2026-07-04T09:00:00Z,CRA-CORE
CP-000746,2316810981,Nela746,Raman,male,1992-03-28,XS-0102,alive,,2026-07-04T09:00:00Z,CRA-CORE
CP-000747,2316820114,Tomas747,Almeida,female,1953-07-19,XS-0103,alive,,2026-07-04T09:00:00Z,CRA-CORE
CP-000748,2316829240,Lina748,Mori,male,1979-09-04,XS-0201,alive,,2026-07-04T09:00:00Z,CRA-CORE
CP-000749,2316838371,Zaid749,Khan,female,2012-12-10,XS-0202,alive,,2026-07-04T09:00:00Z,CRA-CORE
CP-000750,2316847503,Rina750,Santos,male,1976-03-22,XS-0203,alive,,2026-07-04T09:00:00Z,CRA-CORE
CP-000751,2316856634,Kiran751,Okafor,female,2004-09-08,XS-0301,alive,,2026-07-04T09:00:00Z,CRA-CORE
CP-000752,2316865768,Eli752,Dela Cruz,male,1985-12-24,XS-0302,alive,,2026-07-04T09:00:00Z,CRA-CORE
CP-000753,2316874895,Mara753,Aquino,female,2020-09-23,XS-0303,alive,,2026-07-04T09:00:00Z,CRA-CORE
CP-000754,2316884028,Tala754,Kone,male,1999-11-14,XS-0401,alive,,2026-07-04T09:00:00Z,CRA-CORE
CP-000755,2316893155,Rafi755,Mensah,female,2000-03-04,XS-0402,alive,,2026-07-04T09:00:00Z,CRA-CORE
CP-000756,2316902284,Ari756,Raman,male,1978-05-01,XS-0403,alive,,2026-07-04T09:00:00Z,CRA-CORE
CP-000757,2316911416,Mika757,Almeida,female,2013-10-16,XS-0101,alive,,2026-07-04T09:00:00Z,CRA-CORE
CP-000758,2316920546,Nela758,Mori,male,1958-11-09,XS-0102,alive,,2026-07-04T09:00:00Z,CRA-CORE
CP-000759,2316929677,Tomas759,Khan,female,2024-06-20,XS-0103,alive,,2026-07-04T09:00:00Z,CRA-CORE
CP-000760,2316938803,Lina760,Santos,male,2008-03-11,XS-0201,alive,,2026-07-04T09:00:00Z,CRA-CORE
CP-000761,2316947933,Zaid761,Okafor,female,2009-05-09,XS-0202,alive,,2026-07-04T09:00:00Z,CRA-CORE
CP-000762,2316957063,Rina762,Dela Cruz,male,1972-03-28,XS-0203,alive,,2026-07-04T09:00:00Z,CRA-CORE
CP-000763,2316966190,Kiran763,Aquino,female,1988-07-18,XS-0301,alive,,2026-07-04T09:00:00Z,CRA-CORE
CP-000764,2316975321,Eli764,Kone,male,1974-06-22,XS-0302,alive,,2026-07-04T09:00:00Z,CRA-CORE
CP-000765,2316984456,Mara765,Mensah,female,2016-02-17,XS-0303,alive,,2026-07-04T09:00:00Z,CRA-CORE
CP-000766,2316993589,Tala766,Raman,male,1982-05-27,XS-0401,alive,,2026-07-04T09:00:00Z,CRA-CORE
CP-000767,2317002717,Rafi767,Almeida,female,1956-06-04,XS-0402,alive,,2026-07-04T09:00:00Z,CRA-CORE
CP-000768,2317011842,Ari768,Mori,male,1998-03-22,XS-0403,alive,,2026-07-04T09:00:00Z,CRA-CORE
CP-000769,2317020978,Mika769,Khan,female,1968-02-10,XS-0101,alive,,2026-07-04T09:00:00Z,CRA-CORE
CP-000770,2317030107,Nela770,Santos,male,1993-12-13,XS-0102,alive,,2026-07-04T09:00:00Z,CRA-CORE
CP-000771,2317039235,Tomas771,Okafor,female,2003-10-08,XS-0103,alive,,2026-07-04T09:00:00Z,CRA-CORE
CP-000772,2317048367,Lina772,Dela Cruz,male,1966-03-01,XS-0201,alive,,2026-07-04T09:00:00Z,CRA-CORE
CP-000773,2317057496,Zaid773,Aquino,female,1999-12-10,XS-0202,alive,,2026-07-04T09:00:00Z,CRA-CORE
CP-000774,2317066993,Rina774,Kone,male,1998-11-16,XS-0203,alive,,2026-07-04T09:00:00Z,CRA-CORE
CP-000775,2317075758,Kiran775,Mensah,female,2001-02-09,XS-0301,alive,,2026-07-04T09:00:00Z,CRA-CORE
CP-000776,2317084886,Eli776,Raman,male,2004-03-06,XS-0302,alive,,2026-07-04T09:00:00Z,CRA-CORE
CP-000777,2317094018,Mara777,Almeida,female,2015-06-13,XS-0303,alive,,2026-07-04T09:00:00Z,CRA-CORE
CP-000778,2317103143,Tala778,Mori,male,1966-09-21,XS-0401,alive,,2026-07-04T09:00:00Z,CRA-CORE
CP-000779,2317112276,Rafi779,Khan,female,2002-10-13,XS-0402,alive,,2026-07-04T09:00:00Z,CRA-CORE
CP-000780,2317121402,Ari780,Santos,male,1998-01-15,XS-0403,alive,,2026-07-04T09:00:00Z,CRA-CORE
CP-000781,2317130534,Mika781,Okafor,female,2012-03-04,XS-0101,alive,,2026-07-04T09:00:00Z,CRA-CORE
CP-000782,2317140033,Nela782,Dela Cruz,male,1974-12-27,XS-0102,alive,,2026-07-04T09:00:00Z,CRA-CORE
CP-000783,2317148799,Tomas783,Aquino,female,1968-11-16,XS-0103,alive,,2026-07-04T09:00:00Z,CRA-CORE
CP-000784,2317157928,Lina784,Kone,male,1970-02-05,XS-0201,alive,,2026-07-04T09:00:00Z,CRA-CORE
CP-000785,2317167058,Zaid785,Mensah,female,1982-03-22,XS-0202,alive,,2026-07-04T09:00:00Z,CRA-CORE
CP-000786,2317176184,Rina786,Raman,male,1958-04-05,XS-0203,alive,,2026-07-04T09:00:00Z,CRA-CORE
CP-000787,2317185317,Kiran787,Almeida,female,1968-12-17,XS-0301,alive,,2026-07-04T09:00:00Z,CRA-CORE
CP-000788,2317194442,Eli788,Mori,male,1992-08-15,XS-0302,alive,,2026-07-04T09:00:00Z,CRA-CORE
CP-000789,2317203578,Mara789,Khan,female,2014-03-04,XS-0303,alive,,2026-07-04T09:00:00Z,CRA-CORE
CP-000790,2317212704,Tala790,Santos,male,2009-05-28,XS-0401,alive,,2026-07-04T09:00:00Z,CRA-CORE
CP-000791,2317221839,Rafi791,Okafor,female,2014-05-18,XS-0402,alive,,2026-07-04T09:00:00Z,CRA-CORE
CP-000792,2317230966,Ari792,Dela Cruz,male,1975-10-03,XS-0403,alive,,2026-07-04T09:00:00Z,CRA-CORE
CP-000793,2317240094,Mika793,Aquino,female,1956-08-06,XS-0101,alive,,2026-07-04T09:00:00Z,CRA-CORE
CP-000794,2317249220,Nela794,Kone,male,1963-08-20,XS-0102,alive,,2026-07-04T09:00:00Z,CRA-CORE
CP-000795,2317258357,Tomas795,Mensah,female,1997-06-13,XS-0103,alive,,2026-07-04T09:00:00Z,CRA-CORE
CP-000796,2317267480,Lina796,Raman,male,2004-06-04,XS-0201,alive,,2026-07-04T09:00:00Z,CRA-CORE
CP-000797,2317276616,Zaid797,Almeida,female,1954-10-13,XS-0202,alive,,2026-07-04T09:00:00Z,CRA-CORE
CP-000798,2317285745,Rina798,Mori,male,1958-10-27,XS-0203,alive,,2026-07-04T09:00:00Z,CRA-CORE
CP-000799,2317294872,Kiran799,Khan,female,1948-06-22,XS-0301,alive,,2026-07-04T09:00:00Z,CRA-CORE
CP-000800,2317304001,Eli800,Santos,male,2002-07-28,XS-0302,alive,,2026-07-04T09:00:00Z,CRA-CORE
CP-000801,2317313138,Mara801,Okafor,female,2000-11-08,XS-0303,alive,,2026-07-04T09:00:00Z,CRA-CORE
CP-000802,2317322267,Tala802,Dela Cruz,male,2024-08-20,XS-0401,alive,,2026-07-04T09:00:00Z,CRA-CORE
CP-000803,2317331396,Rafi803,Aquino,female,1964-09-17,XS-0402,alive,,2026-07-04T09:00:00Z,CRA-CORE
CP-000804,2317340528,Ari804,Kone,male,2002-02-11,XS-0403,alive,,2026-07-04T09:00:00Z,CRA-CORE
CP-000805,2317349656,Mika805,Mensah,female,2001-04-10,XS-0101,alive,,2026-07-04T09:00:00Z,CRA-CORE
CP-000806,2317358787,Nela806,Raman,male,2003-02-19,XS-0102,alive,,2026-07-04T09:00:00Z,CRA-CORE
CP-000807,2317367917,Tomas807,Almeida,female,1992-05-13,XS-0103,alive,,2026-07-04T09:00:00Z,CRA-CORE
CP-000808,2317377048,Lina808,Mori,male,2000-01-16,XS-0201,alive,,2026-07-04T09:00:00Z,CRA-CORE
CP-000809,2317386170,Zaid809,Khan,female,1990-07-03,XS-0202,alive,,2026-07-04T09:00:00Z,CRA-CORE
CP-000810,2317395300,Rina810,Santos,male,2023-05-15,XS-0203,alive,,2026-07-04T09:00:00Z,CRA-CORE
CP-000811,2317404437,Kiran811,Okafor,female,2014-12-05,XS-0301,alive,,2026-07-04T09:00:00Z,CRA-CORE
CP-000812,2317413564,Eli812,Dela Cruz,male,1984-01-28,XS-0302,alive,,2026-07-04T09:00:00Z,CRA-CORE
CP-000813,2317422690,Mara813,Aquino,female,2014-03-23,XS-0303,alive,,2026-07-04T09:00:00Z,CRA-CORE
CP-000814,2317431822,Tala814,Kone,male,1950-01-13,XS-0401,alive,,2026-07-04T09:00:00Z,CRA-CORE
CP-000815,2317440950,Rafi815,Mensah,female,1968-01-26,XS-0402,alive,,2026-07-04T09:00:00Z,CRA-CORE
CP-000816,2317450089,Ari816,Raman,male,2025-03-17,XS-0403,alive,,2026-07-04T09:00:00Z,CRA-CORE
CP-000817,2317459214,Mika817,Almeida,female,1948-04-02,XS-0101,alive,,2026-07-04T09:00:00Z,CRA-CORE
CP-000818,2317468347,Nela818,Mori,male,1999-11-11,XS-0102,alive,,2026-07-04T09:00:00Z,CRA-CORE
CP-000819,2317477479,Tomas819,Khan,female,1969-09-23,XS-0103,alive,,2026-07-04T09:00:00Z,CRA-CORE
CP-000820,2317486602,Lina820,Santos,male,2017-05-07,XS-0201,alive,,2026-07-04T09:00:00Z,CRA-CORE
CP-000821,2317495735,Zaid821,Okafor,female,2001-01-03,XS-0202,alive,,2026-07-04T09:00:00Z,CRA-CORE
CP-000822,2317504868,Rina822,Dela Cruz,male,1973-11-25,XS-0203,alive,,2026-07-04T09:00:00Z,CRA-CORE
CP-000823,2317513995,Kiran823,Aquino,female,2020-12-15,XS-0301,alive,,2026-07-04T09:00:00Z,CRA-CORE
CP-000824,2317523122,Eli824,Kone,male,2017-04-05,XS-0302,alive,,2026-07-04T09:00:00Z,CRA-CORE
CP-000825,2317532256,Mara825,Mensah,female,2024-07-24,XS-0303,alive,,2026-07-04T09:00:00Z,CRA-CORE
CP-000826,2317541384,Tala826,Raman,male,1976-11-20,XS-0401,alive,,2026-07-04T09:00:00Z,CRA-CORE
CP-000827,2317550519,Rafi827,Almeida,female,1994-06-27,XS-0402,alive,,2026-07-04T09:00:00Z,CRA-CORE
CP-000828,2317559644,Ari828,Mori,male,1997-09-06,XS-0403,alive,,2026-07-04T09:00:00Z,CRA-CORE
CP-000829,2317568776,Mika829,Khan,female,2013-07-17,XS-0101,alive,,2026-07-04T09:00:00Z,CRA-CORE
CP-000830,2317577902,Nela830,Santos,male,1977-04-17,XS-0102,alive,,2026-07-04T09:00:00Z,CRA-CORE
CP-000831,2317587033,Tomas831,Okafor,female,1976-11-23,XS-0103,alive,,2026-07-04T09:00:00Z,CRA-CORE
CP-000832,2317596165,Lina832,Dela Cruz,male,2013-04-02,XS-0201,alive,,2026-07-04T09:00:00Z,CRA-CORE
CP-000833,2317605290,Zaid833,Aquino,female,1981-07-02,XS-0202,alive,,2026-07-04T09:00:00Z,CRA-CORE
CP-000834,2317614426,Rina834,Kone,male,2012-12-06,XS-0203,alive,,2026-07-04T09:00:00Z,CRA-CORE
CP-000835,2317623557,Kiran835,Mensah,female,1955-03-02,XS-0301,alive,,2026-07-04T09:00:00Z,CRA-CORE
CP-000836,2317632689,Eli836,Raman,male,1973-01-03,XS-0302,alive,,2026-07-04T09:00:00Z,CRA-CORE
CP-000837,2317641815,Mara837,Almeida,female,2025-03-12,XS-0303,alive,,2026-07-04T09:00:00Z,CRA-CORE
CP-000838,2317650942,Tala838,Mori,male,2006-09-01,XS-0401,alive,,2026-07-04T09:00:00Z,CRA-CORE
CP-000839,2317660074,Rafi839,Khan,female,2004-07-11,XS-0402,alive,,2026-07-04T09:00:00Z,CRA-CORE
CP-000840,2317669209,Ari840,Santos,male,1991-10-13,XS-0403,alive,,2026-07-04T09:00:00Z,CRA-CORE
CP-000841,2317678335,Mika841,Okafor,female,2007-12-20,XS-0101,alive,,2026-07-04T09:00:00Z,CRA-CORE
CP-000842,2317687460,Nela842,Dela Cruz,male,1990-07-22,XS-0102,alive,,2026-07-04T09:00:00Z,CRA-CORE
CP-000843,2317696592,Tomas843,Aquino,female,1982-02-19,XS-0103,alive,,2026-07-04T09:00:00Z,CRA-CORE
CP-000844,2317705722,Lina844,Kone,male,1988-01-08,XS-0201,alive,,2026-07-04T09:00:00Z,CRA-CORE
CP-000845,2317714855,Zaid845,Mensah,female,1960-11-25,XS-0202,alive,,2026-07-04T09:00:00Z,CRA-CORE
CP-000846,2317723986,Rina846,Raman,male,1967-04-06,XS-0203,alive,,2026-07-04T09:00:00Z,CRA-CORE
CP-000847,2317733115,Kiran847,Almeida,female,1991-12-19,XS-0301,alive,,2026-07-04T09:00:00Z,CRA-CORE
CP-000848,2317742241,Eli848,Mori,male,1976-02-21,XS-0302,alive,,2026-07-04T09:00:00Z,CRA-CORE
CP-000849,2317751375,Mara849,Khan,female,1987-03-17,XS-0303,alive,,2026-07-04T09:00:00Z,CRA-CORE
CP-000850,2317760508,Tala850,Santos,male,2014-05-19,XS-0401,alive,,2026-07-04T09:00:00Z,CRA-CORE
CP-000851,2317769634,Rafi851,Okafor,female,2013-02-14,XS-0402,alive,,2026-07-04T09:00:00Z,CRA-CORE
CP-000852,2317778769,Ari852,Dela Cruz,male,2009-04-18,XS-0403,alive,,2026-07-04T09:00:00Z,CRA-CORE
CP-000853,2317787894,Mika853,Aquino,female,1960-10-05,XS-0101,alive,,2026-07-04T09:00:00Z,CRA-CORE
CP-000854,2317797027,Nela854,Kone,male,1996-08-22,XS-0102,alive,,2026-07-04T09:00:00Z,CRA-CORE
CP-000855,2317806152,Tomas855,Mensah,female,1957-12-01,XS-0103,alive,,2026-07-04T09:00:00Z,CRA-CORE
CP-000856,2317815283,Lina856,Raman,male,1997-09-24,XS-0201,alive,,2026-07-04T09:00:00Z,CRA-CORE
CP-000857,2317824411,Zaid857,Almeida,female,2018-06-18,XS-0202,alive,,2026-07-04T09:00:00Z,CRA-CORE
CP-000858,2317833547,Rina858,Mori,male,2002-09-19,XS-0203,alive,,2026-07-04T09:00:00Z,CRA-CORE
CP-000859,2317842670,Kiran859,Khan,female,1996-10-24,XS-0301,alive,,2026-07-04T09:00:00Z,CRA-CORE
CP-000860,2317851802,Eli860,Santos,male,1988-01-17,XS-0302,alive,,2026-07-04T09:00:00Z,CRA-CORE
CP-000861,2317870185,Mara861,Okafor,female,2007-12-01,XS-0303,alive,,2026-07-04T09:00:00Z,CRA-CORE
CP-000862,2317870061,Tala862,Dela Cruz,male,1991-06-03,XS-0401,alive,,2026-07-04T09:00:00Z,CRA-CORE
CP-000863,2317879191,Rafi863,Aquino,female,1972-02-18,XS-0402,alive,,2026-07-04T09:00:00Z,CRA-CORE
CP-000864,2317888329,Ari864,Kone,male,1991-09-12,XS-0403,alive,,2026-07-04T09:00:00Z,CRA-CORE
CP-000865,2317897453,Mika865,Mensah,female,1978-07-24,XS-0101,alive,,2026-07-04T09:00:00Z,CRA-CORE
CP-000866,2317906583,Nela866,Raman,male,2017-07-07,XS-0102,alive,,2026-07-04T09:00:00Z,CRA-CORE
CP-000867,2317915714,Tomas867,Almeida,female,2013-09-10,XS-0103,alive,,2026-07-04T09:00:00Z,CRA-CORE
CP-000868,2317924844,Lina868,Mori,male,1996-07-02,XS-0201,alive,,2026-07-04T09:00:00Z,CRA-CORE
CP-000869,2317933970,Zaid869,Khan,female,1959-11-17,XS-0202,alive,,2026-07-04T09:00:00Z,CRA-CORE
CP-000870,2317943109,Rina870,Santos,male,2002-05-23,XS-0203,alive,,2026-07-04T09:00:00Z,CRA-CORE
CP-000871,2317952232,Kiran871,Okafor,female,2002-04-14,XS-0301,alive,,2026-07-04T09:00:00Z,CRA-CORE
CP-000872,2317961369,Eli872,Dela Cruz,male,2022-07-24,XS-0302,alive,,2026-07-04T09:00:00Z,CRA-CORE
CP-000873,2317970494,Mara873,Aquino,female,2019-03-23,XS-0303,alive,,2026-07-04T09:00:00Z,CRA-CORE
CP-000874,2317979625,Tala874,Kone,male,1976-09-06,XS-0401,alive,,2026-07-04T09:00:00Z,CRA-CORE
CP-000875,2317988758,Rafi875,Mensah,female,1967-07-15,XS-0402,alive,,2026-07-04T09:00:00Z,CRA-CORE
CP-000876,2317997885,Ari876,Raman,male,2022-05-18,XS-0403,alive,,2026-07-04T09:00:00Z,CRA-CORE
CP-000877,2318007016,Mika877,Almeida,female,2017-03-27,XS-0101,alive,,2026-07-04T09:00:00Z,CRA-CORE
CP-000878,2318016142,Nela878,Mori,male,2001-04-03,XS-0102,alive,,2026-07-04T09:00:00Z,CRA-CORE
CP-000879,2318025271,Tomas879,Khan,female,1969-09-04,XS-0103,alive,,2026-07-04T09:00:00Z,CRA-CORE
CP-000880,2318034400,Lina880,Santos,male,2015-02-15,XS-0201,alive,,2026-07-04T09:00:00Z,CRA-CORE
CP-000881,2318043533,Zaid881,Okafor,female,1964-03-02,XS-0202,alive,,2026-07-04T09:00:00Z,CRA-CORE
CP-000882,2318052664,Rina882,Dela Cruz,male,1975-05-19,XS-0203,alive,,2026-07-04T09:00:00Z,CRA-CORE
CP-000883,2318061798,Kiran883,Aquino,female,2019-04-14,XS-0301,alive,,2026-07-04T09:00:00Z,CRA-CORE
CP-000884,2318070920,Eli884,Kone,male,1950-07-13,XS-0302,alive,,2026-07-04T09:00:00Z,CRA-CORE
CP-000885,2318080059,Mara885,Mensah,female,1992-11-27,XS-0303,alive,,2026-07-04T09:00:00Z,CRA-CORE
CP-000886,2318089186,Tala886,Raman,male,1994-02-06,XS-0401,alive,,2026-07-04T09:00:00Z,CRA-CORE
CP-000887,2318098310,Rafi887,Almeida,female,1967-05-04,XS-0402,alive,,2026-07-04T09:00:00Z,CRA-CORE
CP-000888,2318107440,Ari888,Mori,male,2017-03-10,XS-0403,alive,,2026-07-04T09:00:00Z,CRA-CORE
CP-000889,2318116571,Mika889,Khan,female,1977-11-25,XS-0101,alive,,2026-07-04T09:00:00Z,CRA-CORE
CP-000890,2318125702,Nela890,Santos,male,1940-12-22,XS-0102,alive,,2026-07-04T09:00:00Z,CRA-CORE
CP-000891,2318134834,Tomas891,Okafor,female,1978-06-11,XS-0103,alive,,2026-07-04T09:00:00Z,CRA-CORE
CP-000892,2318143963,Lina892,Dela Cruz,male,1954-12-08,XS-0201,alive,,2026-07-04T09:00:00Z,CRA-CORE
CP-000893,2318153098,Zaid893,Aquino,female,1952-05-16,XS-0202,alive,,2026-07-04T09:00:00Z,CRA-CORE
CP-000894,2318162228,Rina894,Kone,male,2007-05-28,XS-0203,alive,,2026-07-04T09:00:00Z,CRA-CORE
CP-000895,2318171354,Kiran895,Mensah,female,1969-07-03,XS-0301,alive,,2026-07-04T09:00:00Z,CRA-CORE
CP-000896,2318180486,Eli896,Raman,male,2009-06-28,XS-0302,alive,,2026-07-04T09:00:00Z,CRA-CORE
CP-000897,2318189617,Mara897,Almeida,female,1970-06-27,XS-0303,alive,,2026-07-04T09:00:00Z,CRA-CORE
CP-000898,2318198748,Tala898,Mori,male,2012-04-02,XS-0401,alive,,2026-07-04T09:00:00Z,CRA-CORE
CP-000899,2318207873,Rafi899,Khan,female,2005-01-20,XS-0402,alive,,2026-07-04T09:00:00Z,CRA-CORE
CP-000900,2318217003,Ari900,Santos,male,2006-04-26,XS-0403,alive,,2026-07-04T09:00:00Z,CRA-CORE
CP-000901,2318226139,Mika901,Okafor,female,1964-01-08,XS-0101,alive,,2026-07-04T09:00:00Z,CRA-CORE
CP-000902,2318235263,Nela902,Dela Cruz,male,1984-06-06,XS-0102,alive,,2026-07-04T09:00:00Z,CRA-CORE
CP-000903,2318244390,Tomas903,Aquino,female,1983-04-21,XS-0103,alive,,2026-07-04T09:00:00Z,CRA-CORE
CP-000904,2318253525,Lina904,Kone,male,1981-10-13,XS-0201,alive,,2026-07-04T09:00:00Z,CRA-CORE
CP-000905,2318262657,Zaid905,Mensah,female,2005-09-10,XS-0202,alive,,2026-07-04T09:00:00Z,CRA-CORE
CP-000906,2318271785,Rina906,Raman,male,2021-10-24,XS-0203,alive,,2026-07-04T09:00:00Z,CRA-CORE
CP-000907,2318280915,Kiran907,Almeida,female,2001-10-17,XS-0301,alive,,2026-07-04T09:00:00Z,CRA-CORE
CP-000908,2318290044,Eli908,Mori,male,2022-02-09,XS-0302,alive,,2026-07-04T09:00:00Z,CRA-CORE
CP-000909,2318299172,Mara909,Khan,female,2017-02-07,XS-0303,alive,,2026-07-04T09:00:00Z,CRA-CORE
CP-000910,2318308305,Tala910,Santos,male,2014-02-01,XS-0401,alive,,2026-07-04T09:00:00Z,CRA-CORE
CP-000911,2318317435,Rafi911,Okafor,female,1959-05-10,XS-0402,alive,,2026-07-04T09:00:00Z,CRA-CORE
CP-000912,2318326561,Ari912,Dela Cruz,male,1940-04-14,XS-0403,alive,,2026-07-04T09:00:00Z,CRA-CORE
CP-000913,2318335698,Mika913,Aquino,female,1974-06-23,XS-0101,alive,,2026-07-04T09:00:00Z,CRA-CORE
CP-000914,2318344827,Nela914,Kone,male,1990-08-07,XS-0102,alive,,2026-07-04T09:00:00Z,CRA-CORE
CP-000915,2318353953,Tomas915,Mensah,female,2001-07-11,XS-0103,alive,,2026-07-04T09:00:00Z,CRA-CORE
CP-000916,2318363081,Lina916,Raman,male,2013-07-26,XS-0201,alive,,2026-07-04T09:00:00Z,CRA-CORE
CP-000917,2318372214,Zaid917,Almeida,female,2012-10-21,XS-0202,alive,,2026-07-04T09:00:00Z,CRA-CORE
CP-000918,2318381343,Rina918,Mori,male,1996-03-12,XS-0203,alive,,2026-07-04T09:00:00Z,CRA-CORE
CP-000919,2318390471,Kiran919,Khan,female,2016-01-01,XS-0301,alive,,2026-07-04T09:00:00Z,CRA-CORE
CP-000920,2318399600,Eli920,Santos,male,1960-07-12,XS-0302,alive,,2026-07-04T09:00:00Z,CRA-CORE
CP-000921,2318408732,Mara921,Okafor,female,2016-01-06,XS-0303,alive,,2026-07-04T09:00:00Z,CRA-CORE
CP-000922,2318418236,Tala922,Dela Cruz,male,1966-06-16,XS-0401,alive,,2026-07-04T09:00:00Z,CRA-CORE
CP-000923,2318426995,Rafi923,Aquino,female,1990-08-27,XS-0402,alive,,2026-07-04T09:00:00Z,CRA-CORE
CP-000924,2318436121,Ari924,Kone,male,1994-02-14,XS-0403,alive,,2026-07-04T09:00:00Z,CRA-CORE
CP-000925,2318445259,Mika925,Mensah,female,2005-08-05,XS-0101,alive,,2026-07-04T09:00:00Z,CRA-CORE
CP-000926,2318454385,Nela926,Raman,male,1962-09-02,XS-0102,alive,,2026-07-04T09:00:00Z,CRA-CORE
CP-000927,2318463510,Tomas927,Almeida,female,1975-09-05,XS-0103,alive,,2026-07-04T09:00:00Z,CRA-CORE
CP-000928,2318472642,Lina928,Mori,male,2025-12-25,XS-0201,alive,,2026-07-04T09:00:00Z,CRA-CORE
CP-000929,2318481773,Zaid929,Khan,female,1975-02-11,XS-0202,alive,,2026-07-04T09:00:00Z,CRA-CORE
CP-000930,2318490907,Rina930,Santos,male,1981-03-28,XS-0203,alive,,2026-07-04T09:00:00Z,CRA-CORE
CP-000931,2318500034,Kiran931,Okafor,female,1968-08-14,XS-0301,alive,,2026-07-04T09:00:00Z,CRA-CORE
CP-000932,2318509167,Eli932,Dela Cruz,male,1993-08-27,XS-0302,alive,,2026-07-04T09:00:00Z,CRA-CORE
CP-000933,2318518294,Mara933,Aquino,female,1944-05-17,XS-0303,alive,,2026-07-04T09:00:00Z,CRA-CORE
CP-000934,2318527424,Tala934,Kone,male,2022-10-22,XS-0401,alive,,2026-07-04T09:00:00Z,CRA-CORE
CP-000935,2318536554,Rafi935,Mensah,female,1989-07-12,XS-0402,alive,,2026-07-04T09:00:00Z,CRA-CORE
CP-000936,2318545681,Ari936,Raman,male,1950-08-14,XS-0403,alive,,2026-07-04T09:00:00Z,CRA-CORE
CP-000937,2318554818,Mika937,Almeida,female,2022-11-12,XS-0101,alive,,2026-07-04T09:00:00Z,CRA-CORE
CP-000938,2318563940,Nela938,Mori,male,1993-03-24,XS-0102,alive,,2026-07-04T09:00:00Z,CRA-CORE
CP-000939,2318573076,Tomas939,Khan,female,2019-08-14,XS-0103,alive,,2026-07-04T09:00:00Z,CRA-CORE
CP-000940,2318582208,Lina940,Santos,male,2005-02-15,XS-0201,alive,,2026-07-04T09:00:00Z,CRA-CORE
CP-000941,2318591330,Zaid941,Okafor,female,2008-05-25,XS-0202,alive,,2026-07-04T09:00:00Z,CRA-CORE
CP-000942,2318600463,Rina942,Dela Cruz,male,2001-07-16,XS-0203,alive,,2026-07-04T09:00:00Z,CRA-CORE
CP-000943,2318609594,Kiran943,Aquino,female,1965-02-09,XS-0301,alive,,2026-07-04T09:00:00Z,CRA-CORE
CP-000944,2318618724,Eli944,Kone,male,1957-07-24,XS-0302,alive,,2026-07-04T09:00:00Z,CRA-CORE
CP-000945,2318627850,Mara945,Mensah,female,1951-04-15,XS-0303,alive,,2026-07-04T09:00:00Z,CRA-CORE
CP-000946,2318636983,Tala946,Raman,male,2023-02-19,XS-0401,alive,,2026-07-04T09:00:00Z,CRA-CORE
CP-000947,2318646115,Rafi947,Almeida,female,1989-05-14,XS-0402,alive,,2026-07-04T09:00:00Z,CRA-CORE
CP-000948,2318655247,Ari948,Mori,male,2019-10-19,XS-0403,alive,,2026-07-04T09:00:00Z,CRA-CORE
CP-000949,2318664370,Mika949,Khan,female,1991-08-23,XS-0101,alive,,2026-07-04T09:00:00Z,CRA-CORE
CP-000950,2318673502,Nela950,Santos,male,2016-04-06,XS-0102,alive,,2026-07-04T09:00:00Z,CRA-CORE
CP-000951,2318682631,Tomas951,Okafor,female,2016-03-10,XS-0103,alive,,2026-07-04T09:00:00Z,CRA-CORE
CP-000952,2318691761,Lina952,Dela Cruz,male,1975-12-22,XS-0201,alive,,2026-07-04T09:00:00Z,CRA-CORE
CP-000953,2318700890,Zaid953,Aquino,female,1996-05-04,XS-0202,alive,,2026-07-04T09:00:00Z,CRA-CORE
CP-000954,2318710028,Rina954,Kone,male,1993-08-11,XS-0203,alive,,2026-07-04T09:00:00Z,CRA-CORE
CP-000955,2318719155,Kiran955,Mensah,female,1971-07-23,XS-0301,alive,,2026-07-04T09:00:00Z,CRA-CORE
CP-000956,2318728280,Eli956,Raman,male,1971-07-25,XS-0302,alive,,2026-07-04T09:00:00Z,CRA-CORE
CP-000957,2318737417,Mara957,Almeida,female,1970-12-05,XS-0303,alive,,2026-07-04T09:00:00Z,CRA-CORE
CP-000958,2318746549,Tala958,Mori,male,1958-09-04,XS-0401,alive,,2026-07-04T09:00:00Z,CRA-CORE
CP-000959,2318755677,Rafi959,Khan,female,1981-09-13,XS-0402,alive,,2026-07-04T09:00:00Z,CRA-CORE
CP-000960,2318764808,Ari960,Santos,male,2016-02-06,XS-0403,alive,,2026-07-04T09:00:00Z,CRA-CORE
CP-000961,2318773938,Mika961,Okafor,female,1959-07-03,XS-0101,alive,,2026-07-04T09:00:00Z,CRA-CORE
CP-000962,2318783066,Nela962,Dela Cruz,male,2016-02-22,XS-0102,alive,,2026-07-04T09:00:00Z,CRA-CORE
CP-000963,2318792198,Tomas963,Aquino,female,2007-09-04,XS-0103,alive,,2026-07-04T09:00:00Z,CRA-CORE
CP-000964,2318801322,Lina964,Kone,male,1992-07-08,XS-0201,alive,,2026-07-04T09:00:00Z,CRA-CORE
CP-000965,2318810451,Zaid965,Mensah,female,1996-06-06,XS-0202,alive,,2026-07-04T09:00:00Z,CRA-CORE
CP-000966,2318819583,Rina966,Raman,male,1987-12-01,XS-0203,alive,,2026-07-04T09:00:00Z,CRA-CORE
CP-000967,2318828718,Kiran967,Almeida,female,1996-09-05,XS-0301,alive,,2026-07-04T09:00:00Z,CRA-CORE
CP-000968,2318837843,Eli968,Mori,male,2004-08-17,XS-0302,alive,,2026-07-04T09:00:00Z,CRA-CORE
CP-000969,2318846977,Mara969,Khan,female,2015-10-13,XS-0303,alive,,2026-07-04T09:00:00Z,CRA-CORE
CP-000970,2318856102,Tala970,Santos,male,1956-01-16,XS-0401,alive,,2026-07-04T09:00:00Z,CRA-CORE
CP-000971,2318865237,Rafi971,Okafor,female,1961-06-27,XS-0402,alive,,2026-07-04T09:00:00Z,CRA-CORE
CP-000972,2318874362,Ari972,Dela Cruz,male,1963-03-11,XS-0403,alive,,2026-07-04T09:00:00Z,CRA-CORE
CP-000973,2318883494,Mika973,Aquino,female,1975-07-01,XS-0101,alive,,2026-07-04T09:00:00Z,CRA-CORE
CP-000974,2318892628,Nela974,Kone,male,1960-01-09,XS-0102,alive,,2026-07-04T09:00:00Z,CRA-CORE
CP-000975,2318901750,Tomas975,Mensah,female,1992-09-23,XS-0103,alive,,2026-07-04T09:00:00Z,CRA-CORE
CP-000976,2318910888,Lina976,Raman,male,1962-12-13,XS-0201,alive,,2026-07-04T09:00:00Z,CRA-CORE
CP-000977,2318920015,Zaid977,Almeida,female,1992-11-22,XS-0202,alive,,2026-07-04T09:00:00Z,CRA-CORE
CP-000978,2318929144,Rina978,Mori,male,2007-03-18,XS-0203,alive,,2026-07-04T09:00:00Z,CRA-CORE
CP-000979,2318938277,Kiran979,Khan,female,1990-09-14,XS-0301,alive,,2026-07-04T09:00:00Z,CRA-CORE
CP-000980,2318947406,Eli980,Santos,male,1974-01-02,XS-0302,alive,,2026-07-04T09:00:00Z,CRA-CORE
CP-000981,2318956539,Mara981,Okafor,female,1965-05-26,XS-0303,alive,,2026-07-04T09:00:00Z,CRA-CORE
CP-000982,2318966032,Tala982,Dela Cruz,male,1974-12-10,XS-0401,alive,,2026-07-04T09:00:00Z,CRA-CORE
CP-000983,2318974794,Rafi983,Aquino,female,1981-12-24,XS-0402,alive,,2026-07-04T09:00:00Z,CRA-CORE
CP-000984,2318983921,Ari984,Kone,male,1944-07-05,XS-0403,alive,,2026-07-04T09:00:00Z,CRA-CORE
CP-000985,2318993053,Mika985,Mensah,female,1974-03-09,XS-0101,alive,,2026-07-04T09:00:00Z,CRA-CORE
CP-000986,2319002187,Nela986,Raman,male,2000-12-21,XS-0102,alive,,2026-07-04T09:00:00Z,CRA-CORE
CP-000987,2319011314,Tomas987,Almeida,female,1956-03-10,XS-0103,alive,,2026-07-04T09:00:00Z,CRA-CORE
CP-000988,2319020447,Lina988,Mori,male,2012-09-11,XS-0201,alive,,2026-07-04T09:00:00Z,CRA-CORE
CP-000989,2319029578,Zaid989,Khan,female,1990-11-17,XS-0202,alive,,2026-07-04T09:00:00Z,CRA-CORE
CP-000990,2319038704,Rina990,Santos,male,1992-02-10,XS-0203,alive,,2026-07-04T09:00:00Z,CRA-CORE
CP-000991,2319047833,Kiran991,Okafor,female,1945-01-13,XS-0301,alive,,2026-07-04T09:00:00Z,CRA-CORE
CP-000992,2319056961,Eli992,Dela Cruz,male,2008-12-25,XS-0302,alive,,2026-07-04T09:00:00Z,CRA-CORE
CP-000993,2319066091,Mara993,Aquino,female,1999-09-02,XS-0303,alive,,2026-07-04T09:00:00Z,CRA-CORE
CP-000994,2319075221,Tala994,Kone,male,1970-06-14,XS-0401,alive,,2026-07-04T09:00:00Z,CRA-CORE
CP-000995,2319084353,Rafi995,Mensah,female,1953-03-18,XS-0402,alive,,2026-07-04T09:00:00Z,CRA-CORE
CP-000996,2319093489,Ari996,Raman,male,2002-12-01,XS-0403,alive,,2026-07-04T09:00:00Z,CRA-CORE
CP-000997,2319102617,Mika997,Almeida,female,2003-01-08,XS-0101,alive,,2026-07-04T09:00:00Z,CRA-CORE
CP-000998,2319111746,Nela998,Mori,male,2017-09-22,XS-0102,alive,,2026-07-04T09:00:00Z,CRA-CORE
CP-000999,2319120871,Tomas999,Khan,female,1940-05-01,XS-0103,alive,,2026-07-04T09:00:00Z,CRA-CORE
CP-001000,2319130002,Lina1000,Santos,male,1978-11-18,XS-0201,alive,,2026-07-04T09:00:00Z,CRA-CORE
