uin,birth_date,birth_brn,deceased
2300010248,2022-03-14,BRN-2022-0101-00001,false
2300018263,1992-11-02,BRN-1992-0101-00002,false
2300027390,1989-08-20,BRN-1989-0101-00003,false
2300036523,2021-01-29,BRN-2021-0301-00004,false
2300045650,1985-07-08,BRN-1985-0301-00005,false
2300054788,2020-06-17,BRN-2020-0302-00006,false
2300063915,1985-09-10,BRN-1985-0302-00007,false
2300073046,2020-05-18,,false
2300082172,1981-04-23,BRN-1981-0202-00009,false
2300091305,2019-12-12,BRN-2019-0203-00010,true
2300100431,1988-12-12,BRN-1988-0203-00011,false
2300109568,1944-02-01,BRN-1944-0301-00012,true
2300118698,1950-10-03,BRN-1950-0301-00013,false
2300127827,1947-05-05,BRN-1947-0302-00014,false
2300136959,1951-06-30,BRN-1951-0302-00015,false
2300146081,1980-03-19,BRN-1980-0303-00016,false
2300155218,1979-01-11,BRN-1979-0303-00017,true
2300164345,1988-02-22,BRN-1988-0103-00018,false
2300173478,1976-04-04,BRN-1976-0102-00019,false
2300182600,1990-09-09,BRN-1990-0402-00020,false
2300191733,1982-10-10,BRN-1982-0401-00021,false
2300200865,1984-12-01,BRN-1984-0403-00022,false
2310209990,1989-02-19,BRN-1989-0402-00023,false
2310219126,1970-07-16,BRN-1970-0403-00024,false
2310228253,2017-02-23,BRN-2017-0101-00025,false
2310237380,1999-06-14,BRN-1999-0102-00026,false
2310246514,1957-02-15,BRN-1957-0103-00027,false
2310255646,2006-09-28,BRN-2006-0201-00028,false
2310264776,1985-03-07,BRN-1985-0202-00029,false
2310273903,1972-04-07,BRN-1972-0203-00030,false
2310283034,1967-05-15,BRN-1967-0301-00031,false
2310292169,1987-06-26,BRN-1987-0302-00032,false
2310301292,2010-05-05,BRN-2010-0303-00033,false
2310310425,1990-12-20,BRN-1990-0401-00034,false
2310319558,1950-03-19,BRN-1950-0402-00035,false
2310328686,1999-08-13,BRN-1999-0403-00036,false
2310337812,1987-09-03,BRN-1987-0101-00037,false
2310346943,1992-06-06,BRN-1992-0102-00038,false
2310356076,2014-05-01,BRN-2014-0103-00039,false
2310365207,2016-09-28,BRN-2016-0201-00040,false
2310374331,2017-11-15,BRN-2017-0202-00041,false
2310383467,1996-07-13,BRN-1996-0203-00042,false
2310392598,2013-06-24,BRN-2013-0301-00043,false
2310401728,1990-12-01,BRN-1990-0302-00044,false
2310410852,2018-05-07,BRN-2018-0303-00045,false
2310419983,2018-03-18,BRN-2018-0401-00046,false
2310429113,2020-12-23,BRN-2020-0402-00047,false
2310438240,2012-08-24,BRN-2012-0403-00048,false
2310447379,2017-01-15,BRN-2017-0101-00049,false
2310456507,2000-12-24,BRN-2000-0102-00050,false
2310465637,1999-06-12,BRN-1999-0103-00051,false
2310474769,1981-07-24,BRN-1981-0201-00052,false
2310483890,1962-06-17,BRN-1962-0202-00053,false
2310493025,1976-08-26,BRN-1976-0203-00054,false
2310502155,1978-04-06,BRN-1978-0301-00055,false
2310511281,1998-04-25,BRN-1998-0302-00056,false
2310520414,2015-07-18,BRN-2015-0303-00057,false
2310529549,2002-08-12,BRN-2002-0401-00058,false
2310538676,1946-04-04,BRN-1946-0402-00059,false
2310547809,1970-08-10,BRN-1970-0403-00060,false
2310556939,1969-11-14,BRN-1969-0101-00061,false
2310566061,1993-08-24,BRN-1993-0102-00062,false
2310575190,2023-05-26,BRN-2023-0103-00063,false
2310584323,1984-11-09,BRN-1984-0201-00064,false
2310593457,2002-07-01,BRN-2002-0202-00065,false
2310602580,2011-08-27,BRN-2011-0203-00066,false
2310611719,1999-03-08,BRN-1999-0301-00067,false
2310620849,2005-08-01,BRN-2005-0302-00068,false
2310629979,2019-09-20,BRN-2019-0303-00069,false
2310639105,2023-01-06,,false
2310648232,2021-05-04,BRN-2021-0402-00071,false
2310657361,2010-10-12,BRN-2010-0403-00072,false
2310667233,2004-08-06,BRN-2004-0101-00073,false
2310675622,2011-09-12,BRN-2011-0102-00074,false
2310684755,1980-06-18,BRN-1980-0103-00075,false
2310693889,1974-11-17,BRN-1974-0201-00076,false
2310703011,1955-06-06,BRN-1955-0202-00077,false
2310712148,1984-01-28,BRN-1984-0203-00078,false
2310721274,1982-06-23,BRN-1982-0301-00079,false
2310730400,2021-06-16,,false
2310739539,1999-07-24,BRN-1999-0303-00081,false
2310748669,2019-11-12,BRN-2019-0401-00082,false
2310757796,1997-12-15,BRN-1997-0402-00083,false
2310766922,1969-06-17,BRN-1969-0403-00084,false
2310776057,1997-06-04,BRN-1997-0101-00085,false
2310785185,2014-01-13,BRN-2014-0102-00086,false
2310794315,1943-09-17,BRN-1943-0103-00087,false
2310803440,1986-07-07,BRN-1986-0201-00088,false
2310812573,2006-09-03,BRN-2006-0202-00089,false
2310821708,1960-04-20,BRN-1960-0203-00090,false
2310830839,1971-10-28,BRN-1971-0301-00091,false
2310839963,1947-06-09,BRN-1947-0302-00092,false
2310849095,2014-05-13,BRN-2014-0303-00093,false
2310858224,1968-12-15,BRN-1968-0401-00094,false
2310867351,2015-03-17,BRN-2015-0402-00095,false
2310876484,2025-11-22,BRN-2025-0403-00096,false
2310885612,2024-12-11,BRN-2024-0101-00097,false
2310894745,1973-01-19,BRN-1973-0102-00098,false
2310903879,1999-04-08,BRN-1999-0103-00099,false
2310913007,2006-09-10,BRN-2006-0201-00100,false
2310922134,2000-07-25,BRN-2000-0202-00101,false
2310931264,1995-11-12,BRN-1995-0203-00102,false
2310940394,1978-01-17,BRN-1978-0301-00103,false
2310949524,2011-09-23,BRN-2011-0302-00104,false
2310958659,1999-06-05,BRN-1999-0303-00105,false
2310967784,1990-10-25,BRN-1990-0401-00106,false
2310976915,2015-02-10,BRN-2015-0402-00107,false
2310986045,2001-03-19,BRN-2001-0403-00108,false
2310995174,1969-11-19,BRN-1969-0101-00109,false
2311004307,2010-11-13,BRN-2010-0102-00110,false
2311013435,1973-10-19,BRN-1973-0103-00111,false
2311022563,2002-01-08,BRN-2002-0201-00112,false
2311031690,1957-01-22,BRN-1957-0202-00113,false
2311040823,1989-02-11,BRN-1989-0203-00114,false
2311049954,1958-10-23,BRN-1958-0301-00115,false
2311059088,1960-02-16,BRN-1960-0302-00116,false
2311068212,2020-10-17,BRN-2020-0303-00117,false
2311077342,1957-05-25,BRN-1957-0401-00118,false
2311086472,1992-09-28,BRN-1992-0402-00119,false
2311095607,2000-09-07,BRN-2000-0403-00120,false
2311104730,1997-09-08,BRN-1997-0101-00121,false
2311120153,2009-10-23,BRN-2009-0102-00122,false
2311122998,1992-07-08,BRN-1992-0103-00123,false
2311132123,1992-12-11,BRN-1992-0201-00124,false
2311141251,1976-05-24,BRN-1976-0202-00125,false
2311150381,1991-07-08,BRN-1991-0203-00126,false
2311159517,1964-05-25,BRN-1964-0301-00127,false
2311168641,1998-04-13,BRN-1998-0302-00128,false
2311178141,1961-07-16,BRN-1961-0303-00129,false
2311186909,1960-09-24,BRN-1960-0401-00130,false
2311196032,1996-12-04,BRN-1996-0402-00131,false
2311205169,2019-05-23,BRN-2019-0403-00132,false
2311214299,2007-04-22,BRN-2007-0101-00133,false
2311223427,1942-06-14,BRN-1942-0102-00134,false
2311232559,2017-05-14,BRN-2017-0103-00135,false
2311241680,2022-04-28,BRN-2022-0201-00136,false
2311250816,1976-05-06,BRN-1976-0202-00137,false
2311259942,2009-09-01,BRN-2009-0203-00138,false
2311269072,2007-04-28,BRN-2007-0301-00139,false
2311278200,1997-10-27,BRN-1997-0302-00140,false
2311287331,1963-09-15,BRN-1963-0303-00141,false
2311296464,2024-05-20,BRN-2024-0401-00142,false
2311305599,1946-10-19,BRN-1946-0402-00143,false
2311314722,2016-07-23,BRN-2016-0403-00144,false
2311323851,2010-09-04,BRN-2010-0101-00145,false
2311332981,2002-08-07,BRN-2002-0102-00146,false
2311342118,1991-12-24,BRN-1991-0103-00147,false
2311351240,1999-03-23,BRN-1999-0201-00148,false
2311360379,2016-12-11,BRN-2016-0202-00149,false
2311369500,1962-11-25,BRN-1962-0203-00150,false
2311379002,1969-10-08,BRN-1969-0301-00151,false
2311387766,1946-12-21,BRN-1946-0302-00152,false
2311396895,1994-09-13,BRN-1994-0303-00153,false
2311406024,2010-12-07,BRN-2010-0401-00154,false
2311415156,1977-09-26,BRN-1977-0402-00155,false
2311424287,2007-08-13,BRN-2007-0403-00156,false
2311433412,1990-04-12,BRN-1990-0101-00157,false
2311442544,2013-08-24,BRN-2013-0102-00158,false
2311451677,2004-03-12,BRN-2004-0103-00159,false
2311460805,2011-12-27,BRN-2011-0201-00160,false
2311469930,1994-02-28,BRN-1994-0202-00161,false
2311479064,2014-06-25,BRN-2014-0203-00162,false
2311488196,2000-01-05,BRN-2000-0301-00163,false
2311497327,2007-12-11,BRN-2007-0302-00164,false
2311506452,1997-09-04,BRN-1997-0303-00165,false
2311515588,2002-09-20,BRN-2002-0401-00166,false
2311524719,1978-06-20,BRN-1978-0402-00167,false
2311533841,1997-10-05,BRN-1997-0403-00168,false
2311542979,2015-09-18,BRN-2015-0101-00169,false
2311552104,1995-05-24,BRN-1995-0102-00170,false
2311561232,1976-08-26,BRN-1976-0103-00171,false
2311570366,2013-03-15,BRN-2013-0201-00172,false
2311579493,1987-03-16,BRN-1987-0202-00173,false
2311588620,1998-01-10,BRN-1998-0203-00174,false
2311597757,1953-04-13,BRN-1953-0301-00175,false
2311606882,2020-05-23,BRN-2020-0302-00176,false
2311616013,2004-10-19,BRN-2004-0303-00177,false
2311625144,1941-02-09,BRN-1941-0401-00178,false
2311634272,2010-05-15,BRN-2010-0402-00179,false
2311643402,1985-12-23,BRN-1985-0403-00180,false
2311652530,2010-10-20,BRN-2010-0101-00181,false
2311662038,2009-08-15,BRN-2009-0102-00182,false
2311670790,1991-08-18,BRN-1991-0103-00183,false
2311679926,1994-08-28,BRN-1994-0201-00184,false
2311689052,2002-03-14,BRN-2002-0202-00185,false
2311698182,1982-06-03,BRN-1982-0203-00186,false
2311707311,2025-07-23,BRN-2025-0301-00187,false
2311716440,2015-03-10,BRN-2015-0302-00188,false
2311725577,1962-10-09,BRN-1962-0303-00189,false
2311734707,1999-04-17,BRN-1999-0401-00190,false
2311743839,1972-07-16,BRN-1972-0402-00191,false
2311752965,2001-11-25,BRN-2001-0403-00192,false
2311762099,1967-01-09,BRN-1967-0101-00193,false
2311771221,1972-10-19,BRN-1972-0102-00194,false
2311780353,1990-07-24,BRN-1990-0103-00195,false
2311789489,2021-04-22,BRN-2021-0201-00196,false
2311798618,1986-04-16,BRN-1986-0202-00197,false
2311807744,2000-06-23,BRN-2000-0203-00198,false
2311816872,2013-12-19,BRN-2013-0301-00199,false
2311826000,2006-09-28,BRN-2006-0302-00200,false
2311835133,2002-01-25,BRN-2002-0303-00201,false
2311844264,1984-09-26,BRN-1984-0401-00202,false
2311853399,2011-04-09,BRN-2011-0402-00203,false
2311862528,1964-01-25,BRN-1964-0403-00204,false
2311871650,2014-03-16,BRN-2014-0101-00205,false
2311880785,1969-10-07,BRN-1969-0102-00206,false
2311889916,2008-11-11,BRN-2008-0103-00207,false
2311899043,2022-11-14,BRN-2022-0201-00208,false
2311908170,2017-10-10,BRN-2017-0202-00209,false
2311917307,1958-01-04,BRN-1958-0203-00210,false
2311926439,1999-05-05,BRN-1999-0301-00211,false
2311935567,2001-01-05,BRN-2001-0302-00212,false
2311944696,1997-02-13,BRN-1997-0303-00213,false
2311953823,2017-04-16,BRN-2017-0401-00214,false
2311962953,2018-04-26,BRN-2018-0402-00215,false
2311972085,1959-06-01,BRN-1959-0403-00216,false
2311981215,1983-09-17,BRN-1983-0101-00217,false
2311990345,1945-01-09,BRN-1945-0102-00218,false
2311999472,1976-06-06,BRN-1976-0103-00219,false
2312008601,1998-06-13,BRN-1998-0201-00220,false
2312017733,1963-03-17,BRN-1963-0202-00221,false
2312026867,1997-10-11,BRN-1997-0203-00222,false
2312035994,1989-05-13,BRN-1989-0301-00223,false
2312045123,2007-09-08,BRN-2007-0302-00224,false
2312054258,2000-12-15,BRN-2000-0303-00225,false
2312063388,2008-03-05,BRN-2008-0401-00226,false
2312072517,1996-05-28,BRN-1996-0402-00227,false
2312081648,1989-05-13,BRN-1989-0403-00228,false
2312090776,2013-07-14,BRN-2013-0101-00229,false
2312099907,2005-07-27,BRN-2005-0102-00230,false
2312109030,1972-07-28,BRN-1972-0103-00231,false
2312118169,1983-07-03,BRN-1983-0201-00232,false
2312127290,1957-09-07,BRN-1957-0202-00233,false
2312136423,2021-05-08,BRN-2021-0203-00234,false
2312145550,2023-09-06,,false
2312154684,1971-09-11,BRN-1971-0302-00236,false
2312163815,2018-03-23,BRN-2018-0303-00237,false
2312172947,2009-07-12,BRN-2009-0401-00238,false
2312182072,1942-02-28,BRN-1942-0402-00239,false
2312191209,2003-09-03,BRN-2003-0403-00240,false
2312200330,1998-10-11,BRN-1998-0101-00241,false
2312209462,1973-04-21,BRN-1973-0102-00242,false
2312218592,2009-02-22,BRN-2009-0103-00243,false
2312227723,1969-11-17,BRN-1969-0201-00244,false
2312236851,2023-12-20,,false
2312245982,2000-01-24,BRN-2000-0203-00246,false
2312255117,1947-04-18,BRN-1947-0301-00247,false
2312264241,2005-09-23,BRN-2005-0302-00248,false
2312273375,2018-03-17,BRN-2018-0303-00249,false
2312282506,1974-11-27,BRN-1974-0401-00250,false
2312291630,2005-04-11,BRN-2005-0402-00251,false
2312300765,1985-04-19,BRN-1985-0403-00252,false
2312309898,2001-11-15,BRN-2001-0101-00253,false
2312319022,1956-12-27,BRN-1956-0102-00254,false
2312328150,2021-01-21,,false
2312337289,1987-03-06,BRN-1987-0201-00256,false
2312346419,1964-01-10,BRN-1964-0202-00257,false
2312355542,2016-04-04,BRN-2016-0203-00258,false
2312364677,1993-02-17,BRN-1993-0301-00259,false
2312373805,2016-07-22,BRN-2016-0302-00260,false
2312382938,1991-10-02,BRN-1991-0303-00261,false
2312392060,2021-11-06,BRN-2021-0401-00262,false
2312401194,1996-03-10,BRN-1996-0402-00263,false
2312410326,1973-08-23,BRN-1973-0403-00264,false
2312419452,2009-10-27,BRN-2009-0101-00265,false
2312428584,1954-07-19,BRN-1954-0102-00266,false
2312437718,1990-02-10,BRN-1990-0103-00267,false
2312446846,1945-02-25,BRN-1945-0201-00268,false
2312455979,2003-10-22,BRN-2003-0202-00269,false
2312465105,1994-04-01,BRN-1994-0203-00270,false
2312474239,2015-05-13,BRN-2015-0301-00271,false
2312483366,1987-08-08,BRN-1987-0302-00272,false
2312492491,1968-09-28,BRN-1968-0303-00273,false
2312501629,1943-07-06,BRN-1943-0401-00274,false
2312510756,2015-04-10,BRN-2015-0402-00275,false
2312519885,1963-01-15,BRN-1963-0403-00276,false
2312529015,2014-11-04,BRN-2014-0101-00277,false
2312538143,2007-12-20,BRN-2007-0102-00278,false
2312547274,2019-08-08,BRN-2019-0103-00279,false
2312556400,1977-12-04,BRN-1977-0201-00280,false
2312565531,2015-04-23,BRN-2015-0202-00281,false
2312574669,1957-10-06,BRN-1957-0203-00282,false
2312583797,1998-09-14,BRN-1998-0301-00283,false
2312592924,1978-02-15,BRN-1978-0302-00284,false
2312602056,2002-01-18,BRN-2002-0303-00285,false
2312611189,1997-02-20,BRN-1997-0401-00286,false
2312620317,1968-07-04,BRN-1968-0402-00287,false
2312629445,2009-09-21,BRN-2009-0403-00288,false
2312638577,2000-06-02,BRN-2000-0101-00289,false
2312647709,1952-06-02,BRN-1952-0102-00290,false
2312656835,1961-07-28,BRN-1961-0103-00291,false
2312665968,1989-02-01,BRN-1989-0201-00292,false
2312675091,1969-09-24,BRN-1969-0202-00293,false
2312684223,1997-01-27,BRN-1997-0203-00294,false
2312693354,2015-08-17,BRN-2015-0301-00295,false
2312702483,2017-02-20,BRN-2017-0302-00296,false
2312711611,2014-08-25,BRN-2014-0303-00297,false
2312720746,2006-07-06,BRN-2006-0401-00298,false
2312729876,1997-06-23,BRN-1997-0402-00299,false
2312739007,2006-09-24,BRN-2006-0403-00300,false
2312748136,1979-03-17,BRN-1979-0101-00301,false
2312757264,1997-05-14,BRN-1997-0102-00302,false
2312766394,2016-07-04,BRN-2016-0103-00303,false
2312775520,2015-06-10,BRN-2015-0201-00304,false
2312784651,2000-04-03,BRN-2000-0202-00305,false
2312793787,2000-03-22,BRN-2000-0203-00306,false
2312802913,1993-08-23,BRN-1993-0301-00307,false
2312812048,1942-02-09,BRN-1942-0302-00308,false
2312821175,1988-08-23,BRN-1988-0303-00309,false
2312830305,1962-04-14,BRN-1962-0401-00310,false
2312839439,1961-06-02,BRN-1961-0402-00311,false
2312848565,2010-11-17,BRN-2010-0403-00312,false
2312857694,2012-08-13,BRN-2012-0101-00313,false
2312866822,1997-03-16,BRN-1997-0102-00314,false
2312875952,1940-09-11,BRN-1940-0103-00315,false
2312885086,1990-06-26,BRN-1990-0201-00316,false
2312894216,1995-01-16,BRN-1995-0202-00317,false
2312903343,2018-12-19,BRN-2018-0203-00318,false
2312912477,2011-10-08,BRN-2011-0301-00319,false
2312921608,1947-09-03,BRN-1947-0302-00320,false
2312930730,1995-11-20,BRN-1995-0303-00321,false
2312939866,2007-01-23,BRN-2007-0401-00322,false
2312948991,1974-01-06,BRN-1974-0402-00323,false
2312958122,1993-01-20,BRN-1993-0403-00324,false
2312967259,1952-11-05,BRN-1952-0101-00325,false
2312976380,2019-09-05,BRN-2019-0102-00326,false
2312985517,2011-03-20,BRN-2011-0103-00327,false
2312994648,2005-09-23,BRN-2005-0201-00328,false
2313003775,1993-08-17,BRN-1993-0202-00329,false
2313012905,2004-03-22,BRN-2004-0203-00330,false
2313022030,1975-12-06,BRN-1975-0301-00331,false
2313031167,2020-09-08,BRN-2020-0302-00332,false
2313040291,1986-12-22,BRN-1986-0303-00333,false
2313049421,1991-12-03,BRN-1991-0401-00334,false
2313058555,2019-12-09,BRN-2019-0402-00335,false
2313067689,1998-06-08,BRN-1998-0403-00336,false
2313076817,1985-12-26,BRN-1985-0101-00337,false
2313085942,2020-05-02,BRN-2020-0102-00338,false
2313095071,2016-10-13,BRN-2016-0103-00339,false
2313104200,2011-07-18,BRN-2011-0201-00340,false
2313113336,2001-12-04,BRN-2001-0202-00341,false
2313122469,1998-04-21,BRN-1998-0203-00342,false
2313131597,1964-12-01,BRN-1964-0301-00343,false
2313140729,1997-12-04,BRN-1997-0302-00344,false
2313149858,2012-06-12,BRN-2012-0303-00345,false
2313158982,1995-02-04,BRN-1995-0401-00346,false
2313168110,1971-09-01,BRN-1971-0402-00347,false
2313177249,1965-10-01,BRN-1965-0403-00348,false
2313186372,2025-06-05,BRN-2025-0101-00349,false
2313195504,1968-12-03,BRN-1968-0102-00350,false
2313204639,1988-11-07,BRN-1988-0103-00351,false
2313213766,1958-12-13,BRN-1958-0201-00352,false
2313222899,2019-06-09,BRN-2019-0202-00353,false
2313232024,1961-05-03,BRN-1961-0203-00354,false
2313241158,1998-10-28,BRN-1998-0301-00355,false
2313250282,2025-01-28,BRN-2025-0302-00356,false
2313259418,1995-01-19,BRN-1995-0303-00357,false
2313268542,1975-04-02,BRN-1975-0401-00358,false
2313277679,1999-01-02,BRN-1999-0402-00359,false
2313286805,1958-03-23,BRN-1958-0403-00360,false
2313295935,2019-01-27,BRN-2019-0101-00361,false
2313305062,1997-03-18,BRN-1997-0102-00362,false
2313314195,1950-11-25,BRN-1950-0103-00363,false
2313323325,1955-09-27,BRN-1955-0201-00364,false
2313332452,1967-01-26,BRN-1967-0202-00365,false
2313341585,2016-09-06,BRN-2016-0203-00366,false
2313350714,1998-04-21,BRN-1998-0301-00367,false
2313359848,2006-06-26,BRN-2006-0302-00368,false
2313368977,2018-09-27,BRN-2018-0303-00369,false
2313378103,2006-12-15,BRN-2006-0401-00370,false
2313387235,2000-10-26,BRN-2000-0402-00371,false
2313396363,2004-09-08,BRN-2004-0403-00372,false
2313405490,1992-04-05,BRN-1992-0101-00373,false
2313414623,2007-05-06,BRN-2007-0102-00374,false
2313423759,2010-04-16,BRN-2010-0103-00375,false
2313432889,2013-01-16,BRN-2013-0201-00376,false
2313442011,2003-01-02,BRN-2003-0202-00377,false
2313451140,1955-02-08,BRN-1955-0203-00378,false
2313460271,1973-07-03,BRN-1973-0301-00379,false
2313469405,1978-02-05,BRN-1978-0302-00380,false
2313478535,1993-02-21,BRN-1993-0303-00381,false
2313487669,1994-04-07,BRN-1994-0401-00382,false
2313496790,1981-09-11,BRN-1981-0402-00383,false
2313505924,2017-05-03,BRN-2017-0403-00384,false
2313515050,1972-05-26,BRN-1972-0101-00385,false
2313524187,1957-10-07,BRN-1957-0102-00386,false
2313533312,1957-05-23,BRN-1957-0103-00387,false
2313542448,1957-03-23,BRN-1957-0201-00388,false
2313551574,2009-11-06,BRN-2009-0202-00389,false
2313560702,1990-01-01,BRN-1990-0203-00390,false
2313569837,2025-06-26,BRN-2025-0301-00391,false
2313578966,1967-11-13,BRN-1967-0302-00392,false
2313588091,1955-05-13,BRN-1955-0303-00393,false
2313597224,2015-11-15,BRN-2015-0401-00394,false
2313606359,2019-06-18,BRN-2019-0402-00395,false
2313615486,1974-11-19,BRN-1974-0403-00396,false
2313624612,1970-03-14,BRN-1970-0101-00397,false
2313633740,1978-05-05,BRN-1978-0102-00398,false
2313642877,1982-04-14,BRN-1982-0103-00399,false
2313652003,1962-04-04,BRN-1962-0201-00400,false
2313661137,1993-09-19,BRN-1993-0202-00401,false
2313670269,1999-03-08,BRN-1999-0203-00402,false
2313679397,2010-03-09,BRN-2010-0301-00403,false
2313688524,2023-02-23,BRN-2023-0302-00404,false
2313697654,1997-06-10,BRN-1997-0303-00405,false
2313706783,2019-08-08,BRN-2019-0401-00406,false
2313715919,2009-02-20,BRN-2009-0402-00407,false
2313725041,1980-11-09,BRN-1980-0403-00408,false
2313734179,2023-04-04,BRN-2023-0101-00409,false
2313743308,1985-11-08,BRN-1985-0102-00410,false
2313752432,2006-04-23,BRN-2006-0103-00411,false
2313761568,2010-08-06,BRN-2010-0201-00412,false
2313770699,2013-06-27,BRN-2013-0202-00413,false
2313779828,1992-09-04,BRN-1992-0203-00414,false
2313788952,1989-05-05,BRN-1989-0301-00415,false
2313798083,1981-10-04,BRN-1981-0302-00416,false
2313807214,1996-04-18,BRN-1996-0303-00417,false
2313816345,2013-10-23,BRN-2013-0401-00418,false
2313825476,1990-11-02,BRN-1990-0402-00419,false
2313834604,1970-03-15,BRN-1970-0403-00420,false
2313843738,2024-05-19,BRN-2024-0101-00421,false
2313852868,1995-09-14,BRN-1995-0102-00422,false
2313861997,2005-10-10,BRN-2005-0103-00423,false
2313871128,2008-08-07,BRN-2008-0201-00424,false
2313880251,1955-06-11,BRN-1955-0202-00425,false
2313889382,2013-03-01,BRN-2013-0203-00426,false
2313898516,1975-10-04,BRN-1975-0301-00427,false
2313907642,1992-01-27,BRN-1992-0302-00428,false
2313916777,1963-06-08,BRN-1963-0303-00429,false
2313925902,1991-02-13,BRN-1991-0401-00430,false
2313935037,1960-10-22,BRN-1960-0402-00431,false
2313944164,1958-02-25,BRN-1958-0403-00432,false
2313953291,1990-04-02,BRN-1990-0101-00433,false
2313962422,1999-02-14,BRN-1999-0102-00434,false
2313971559,2020-05-01,BRN-2020-0103-00435,false
2313980688,1957-05-05,BRN-1957-0201-00436,false
2313989813,1963-06-07,BRN-1963-0202-00437,false
2313998945,1992-11-22,BRN-1992-0203-00438,false
2314008074,1996-07-17,BRN-1996-0301-00439,false
2314017205,1968-07-08,BRN-1968-0302-00440,false
2314026333,2016-12-17,BRN-2016-0303-00441,false
2314035466,2018-12-13,BRN-2018-0401-00442,false
2314044595,2017-10-11,BRN-2017-0402-00443,false
2314053721,2024-04-04,BRN-2024-0403-00444,false
2314062851,1948-09-16,BRN-1948-0101-00445,false
2314071989,1961-04-27,BRN-1961-0102-00446,false
2314081114,2001-12-21,BRN-2001-0103-00447,false
2314090248,1999-04-26,BRN-1999-0201-00448,false
2314099378,2000-08-12,BRN-2000-0202-00449,false
2314108501,1947-07-19,BRN-1947-0203-00450,false
2314117636,1985-10-24,BRN-1985-0301-00451,false
2314126767,2017-03-12,BRN-2017-0302-00452,false
2314135890,1967-10-14,BRN-1967-0303-00453,false
2314145023,1990-10-12,BRN-1990-0401-00454,false
2314154153,2005-12-18,BRN-2005-0402-00455,false
2314163289,2019-05-16,BRN-2019-0403-00456,false
2314172417,1991-01-02,BRN-1991-0101-00457,false
2314181549,1960-08-28,BRN-1960-0102-00458,false
2314190672,1955-05-18,BRN-1955-0103-00459,false
2314199807,2000-01-07,BRN-2000-0201-00460,false
2314208938,1989-05-12,BRN-1989-0202-00461,false
2314218063,1992-09-13,BRN-1992-0203-00462,false
2314227193,1976-05-02,BRN-1976-0301-00463,false
2314236322,2019-07-21,BRN-2019-0302-00464,false
2314245456,2014-04-19,BRN-2014-0303-00465,false
2314254587,1958-07-15,BRN-1958-0401-00466,false
2314263711,1983-06-07,BRN-1983-0402-00467,false
2314272840,1958-03-27,BRN-1958-0403-00468,false
2314281979,2017-10-05,BRN-2017-0101-00469,false
2314291105,2007-11-19,BRN-2007-0102-00470,false
2314300231,2000-02-20,BRN-2000-0103-00471,false
2314309367,2008-04-21,BRN-2008-0201-00472,false
2314318493,2020-03-14,BRN-2020-0202-00473,false
2314327629,1974-09-24,BRN-1974-0203-00474,false
2314336752,1995-12-20,BRN-1995-0301-00475,false
2314345883,1970-06-03,BRN-1970-0302-00476,false
2314355019,1971-03-24,BRN-1971-0303-00477,false
2314364147,1994-05-19,BRN-1994-0401-00478,false
2314373276,1978-01-26,BRN-1978-0402-00479,false
2314382408,1956-10-23,BRN-1956-0403-00480,false
2314391532,1988-08-15,BRN-1988-0101-00481,false
2314400662,1963-02-07,BRN-1963-0102-00482,false
2314409795,1956-07-21,BRN-1956-0103-00483,false
2314418923,2025-10-18,BRN-2025-0201-00484,false
2314428052,1992-08-27,BRN-1992-0202-00485,false
2314437184,1992-02-15,BRN-1992-0203-00486,false
2314446314,1971-03-01,BRN-1971-0301-00487,false
2314455444,1955-06-25,BRN-1955-0302-00488,false
2314464575,1963-09-14,BRN-1963-0303-00489,false
2314473707,2010-10-07,BRN-2010-0401-00490,false
2314482836,1999-08-13,BRN-1999-0402-00491,false
2314491963,1965-04-02,BRN-1965-0403-00492,false
2314501090,2009-02-23,BRN-2009-0101-00493,false
2314510227,1995-02-17,BRN-1995-0102-00494,false
2314519356,2007-05-14,BRN-2007-0103-00495,false
2314528480,1993-04-23,BRN-1993-0201-00496,false
2314537613,2021-03-19,BRN-2021-0202-00497,false
2314546746,1998-08-14,BRN-1998-0203-00498,false
2314555879,2024-11-09,BRN-2024-0301-00499,false
2314565005,2014-06-03,BRN-2014-0302-00500,false
2314574133,2000-08-18,BRN-2000-0303-00501,false
2314583266,1953-09-08,BRN-1953-0401-00502,false
2314592397,1940-10-23,BRN-1940-0402-00503,false
2314601521,2020-02-11,BRN-2020-0403-00504,false
2314610655,1957-08-26,BRN-1957-0101-00505,false
2314619784,2016-11-01,BRN-2016-0102-00506,false
2314628913,2014-05-13,BRN-2014-0103-00507,false
2314638046,2002-04-24,BRN-2002-0201-00508,false
2314647170,2019-01-26,BRN-2019-0202-00509,false
2314656300,1976-12-16,BRN-1976-0203-00510,false
2314665438,2022-04-08,BRN-2022-0301-00511,false
2314674560,1979-10-01,BRN-1979-0302-00512,false
2314683695,1998-09-01,BRN-1998-0303-00513,false
2314692826,1990-04-19,BRN-1990-0401-00514,false
2314701950,1953-03-04,BRN-1953-0402-00515,false
2314711082,1971-03-08,BRN-1971-0403-00516,false
2314720214,1998-09-15,BRN-1998-0101-00517,false
2314729348,1979-05-09,BRN-1979-0102-00518,false
2314738474,1969-02-17,BRN-1969-0103-00519,false
2314747609,2007-07-17,BRN-2007-0201-00520,false
2314756731,1990-10-27,BRN-1990-0202-00521,false
2314765864,2019-05-11,BRN-2019-0203-00522,false
2314774992,2007-11-18,BRN-2007-0301-00523,false
2314784120,2006-10-23,BRN-2006-0302-00524,false
2314793258,1957-08-08,BRN-1957-0303-00525,false
2314802381,2010-08-23,BRN-2010-0401-00526,false
2314811518,2000-05-06,BRN-2000-0402-00527,false
2314820647,1958-05-06,BRN-1958-0403-00528,false
2314829774,2007-01-01,BRN-2007-0101-00529,false
2314838904,2019-11-18,BRN-2019-0102-00530,false
2314848033,1991-02-18,BRN-1991-0103-00531,false
2314857164,1965-09-21,BRN-1965-0201-00532,false
2314866295,1971-05-03,BRN-1971-0202-00533,false
2314875429,1967-07-19,BRN-1967-0203-00534,false
2314884558,1945-11-02,BRN-1945-0301-00535,false
2314893686,1965-02-22,BRN-1965-0302-00536,false
2314902810,2010-04-10,BRN-2010-0303-00537,false
2314911945,1967-06-02,BRN-1967-0401-00538,false
2314921077,1999-06-12,BRN-1999-0402-00539,false
2314930207,1958-12-23,BRN-1958-0403-00540,false
2314939332,2009-10-19,BRN-2009-0101-00541,false
2314948468,2023-09-15,BRN-2023-0102-00542,false
2314957591,1966-05-25,BRN-1966-0103-00543,false
2314966724,2022-12-04,BRN-2022-0201-00544,false
2314975854,2017-10-09,BRN-2017-0202-00545,false
2314984981,1966-11-01,BRN-1966-0203-00546,false
2314994114,1960-06-23,BRN-1960-0301-00547,false
2315003248,1978-07-05,BRN-1978-0302-00548,false
2315012377,1942-08-04,BRN-1942-0303-00549,false
2315021503,2002-01-08,BRN-2002-0401-00550,false
2315030634,1996-02-28,BRN-1996-0402-00551,false
2315039761,1942-09-12,BRN-1942-0403-00552,false
2315048895,1993-08-25,BRN-1993-0101-00553,false
2315058025,1976-12-19,BRN-1976-0102-00554,false
2315067158,2004-09-08,BRN-2004-0103-00555,false
2315076287,1973-05-05,BRN-1973-0201-00556,false
2315085410,2005-06-18,BRN-2005-0202-00557,false
2315094543,2012-05-20,BRN-2012-0203-00558,false
2315103673,1968-05-15,BRN-1968-0301-00559,false
2315112807,1950-05-07,BRN-1950-0302-00560,false
2315121932,1999-06-09,BRN-1999-0303-00561,false
2315131069,1996-11-16,BRN-1996-0401-00562,false
2315140197,1961-07-19,BRN-1961-0402-00563,false
2315149325,2017-02-11,BRN-2017-0403-00564,false
2315158457,2001-03-24,BRN-2001-0101-00565,false
2315167586,2011-12-18,BRN-2011-0102-00566,false
2315176715,1958-07-22,BRN-1958-0103-00567,false
2315185840,2008-10-10,BRN-2008-0201-00568,false
2315194979,2007-12-10,BRN-2007-0202-00569,false
2315204102,2018-07-28,BRN-2018-0203-00570,false
2315213233,2023-04-24,BRN-2023-0301-00571,false
2315222369,1969-02-13,BRN-1969-0302-00572,false
2315231492,1996-11-18,BRN-1996-0303-00573,false
2315240625,1959-03-09,BRN-1959-0401-00574,false
2315249751,2014-03-15,BRN-2014-0402-00575,false
2315259254,2011-02-22,BRN-2011-0403-00576,false
2315268015,2015-11-21,BRN-2015-0101-00577,false
2315277145,1983-12-08,BRN-1983-0102-00578,false
2315286277,2012-05-28,BRN-2012-0103-00579,false
2315295406,1962-09-18,BRN-1962-0201-00580,false
2315304535,1984-03-22,BRN-1984-0202-00581,false
2315313662,1968-12-12,BRN-1968-0203-00582,false
2315322795,1995-03-17,BRN-1995-0301-00583,false
2315331920,1972-11-20,BRN-1972-0302-00584,false
2315341055,1958-07-08,BRN-1958-0303-00585,false
2315350186,1972-03-08,BRN-1972-0401-00586,false
2315359312,2003-05-09,BRN-2003-0402-00587,false
2315368443,1992-07-16,BRN-1992-0403-00588,false
2315377576,2017-08-17,BRN-2017-0101-00589,false
2315386706,1958-05-02,BRN-1958-0102-00590,false
2315395837,2015-02-08,BRN-2015-0103-00591,false
2315404969,1967-08-08,BRN-1967-0201-00592,false
2315414095,1996-01-20,BRN-1996-0202-00593,false
2315423226,1958-11-23,BRN-1958-0203-00594,false
2315432356,1967-07-09,BRN-1967-0301-00595,false
2315441485,1979-04-28,BRN-1979-0302-00596,false
2315450615,2014-04-20,BRN-2014-0303-00597,false
2315459748,1960-09-15,BRN-1960-0401-00598,false
2315468877,1992-10-20,BRN-1992-0402-00599,false
2315478004,2007-03-14,BRN-2007-0403-00600,false
2315487134,1968-02-20,BRN-1968-0101-00601,false
2315496264,2020-12-20,BRN-2020-0102-00602,false
2315505398,2007-05-11,BRN-2007-0103-00603,false
2315514521,1948-02-22,BRN-1948-0201-00604,false
2315523650,1946-10-07,BRN-1946-0202-00605,false
2315532787,1998-07-18,BRN-1998-0203-00606,false
2315541913,2014-01-10,BRN-2014-0301-00607,false
2315551043,2010-11-21,BRN-2010-0302-00608,false
2315560179,2004-02-27,BRN-2004-0303-00609,false
2315569303,2010-03-12,BRN-2010-0401-00610,false
2315578437,1986-05-16,BRN-1986-0402-00611,false
2315587567,1953-09-15,BRN-1953-0403-00612,false
2315596695,1961-06-26,BRN-1961-0101-00613,false
2315605828,1966-09-12,BRN-1966-0102-00614,false
2315614951,1987-09-10,BRN-1987-0103-00615,false
2315624084,2004-06-19,BRN-2004-0201-00616,false
2315633215,2007-01-18,BRN-2007-0202-00617,false
2315642345,1973-10-17,BRN-1973-0203-00618,false
2315651478,1950-09-05,BRN-1950-0301-00619,false
2315660603,1969-09-06,BRN-1969-0302-00620,false
2315669734,1975-12-13,BRN-1975-0303-00621,false
2315678861,2025-11-06,BRN-2025-0401-00622,false
2315687997,1970-10-01,BRN-1970-0402-00623,false
2315697124,1967-12-17,BRN-1967-0403-00624,false
2315706250,1998-07-10,BRN-1998-0101-00625,false
2315715389,1967-02-24,BRN-1967-0102-00626,false
2315724517,1963-05-07,BRN-1963-0103-00627,false
2315733641,2018-12-12,BRN-2018-0201-00628,false
2315742773,2007-10-06,BRN-2007-0202-00629,false
2315751906,2008-06-28,BRN-2008-0203-00630,false
2315761032,1962-09-27,BRN-1962-0301-00631,false
2315770167,1994-06-09,BRN-1994-0302-00632,false
2315779293,2024-03-11,BRN-2024-0303-00633,false
2315788425,1990-01-07,BRN-1990-0401-00634,false
2315797555,1985-06-18,BRN-1985-0402-00635,false
2315806680,1957-04-08,BRN-1957-0403-00636,false
2315815812,2024-06-07,BRN-2024-0101-00637,false
2315824941,1991-09-07,BRN-1991-0102-00638,false
2315834073,2009-05-12,BRN-2009-0103-00639,false
2315843204,1955-08-22,BRN-1955-0201-00640,false
2315852330,2006-04-26,BRN-2006-0202-00641,false
2315861463,2007-02-16,BRN-2007-0203-00642,false
2315870592,2001-11-01,BRN-2001-0301-00643,false
2315879723,1986-07-03,BRN-1986-0302-00644,false
2315889223,2019-02-25,BRN-2019-0303-00645,false
2315897987,2021-10-18,BRN-2021-0401-00646,false
2315907119,1994-06-04,BRN-1994-0402-00647,false
2315916245,2009-02-05,BRN-2009-0403-00648,false
2315925374,2011-08-21,BRN-2011-0101-00649,false
2315934504,1994-05-05,BRN-1994-0102-00650,false
2315943631,1956-05-03,BRN-1956-0103-00651,false
2315952768,2025-08-23,BRN-2025-0201-00652,false
2315961897,1971-04-26,BRN-1971-0202-00653,false
2315971029,1990-07-13,BRN-1990-0203-00654,false
2315980157,2014-03-21,BRN-2014-0301-00655,false
2315989282,2000-05-02,BRN-2000-0302-00656,false
2315998416,2015-08-14,BRN-2015-0303-00657,false
2316007545,1987-10-24,BRN-1987-0401-00658,false
2316016679,2001-06-27,BRN-2001-0402-00659,false
2316025809,2014-01-03,BRN-2014-0403-00660,false
2316034936,2016-09-08,BRN-2016-0101-00661,false
2316044067,2024-10-20,BRN-2024-0102-00662,false
2316053192,1983-04-11,BRN-1983-0103-00663,false
2316062323,1990-02-12,BRN-1990-0201-00664,false
2316071453,2002-06-09,BRN-2002-0202-00665,false
2316080584,1974-12-07,BRN-1974-0203-00666,false
2316089719,2003-03-10,BRN-2003-0301-00667,false
2316098842,1967-01-14,BRN-1967-0302-00668,false
2316107974,2005-09-08,BRN-2005-0303-00669,false
2316117104,2019-04-01,BRN-2019-0401-00670,false
2316126234,1982-05-19,BRN-1982-0402-00671,false
2316135364,2011-06-08,BRN-2011-0403-00672,false
2316144497,1974-03-08,BRN-1974-0101-00673,false
2316153627,1971-10-04,BRN-1971-0102-00674,false
2316162752,1957-09-02,BRN-1957-0103-00675,false
2316171886,2022-05-08,BRN-2022-0201-00676,false
2316181010,1962-08-23,BRN-1962-0202-00677,false
2316190140,1966-10-19,BRN-1966-0203-00678,false
2316199279,2007-12-26,BRN-2007-0301-00679,false
2316208409,1941-09-10,BRN-1941-0302-00680,false
2316217534,2003-08-20,BRN-2003-0303-00681,false
2316227038,1965-08-11,BRN-1965-0401-00682,false
2316235799,1996-11-22,BRN-1996-0402-00683,false
2316244923,2000-03-28,BRN-2000-0403-00684,false
2316254057,2008-11-16,BRN-2008-0101-00685,false
2316263188,1973-07-03,BRN-1973-0102-00686,false
2316272315,1982-04-08,BRN-1982-0103-00687,false
2316281440,1990-12-14,BRN-1990-0201-00688,false
2316290578,1965-12-01,BRN-1965-0202-00689,false
2316299703,1991-12-14,BRN-1991-0203-00690,false
2316308836,2000-03-10,BRN-2000-0301-00691,false
2316317964,1979-01-03,BRN-1979-0302-00692,false
2316327091,1972-05-14,BRN-1972-0303-00693,false
2316336224,2009-05-19,BRN-2009-0401-00694,false
2316345350,2022-01-18,,false
2316354489,1996-11-26,BRN-1996-0403-00696,false
2316363619,1981-12-01,BRN-1981-0101-00697,false
2316372743,2025-01-05,BRN-2025-0102-00698,false
2316381876,2021-10-24,BRN-2021-0103-00699,false
2316391007,1968-05-28,BRN-1968-0201-00700,false
2316400136,1993-01-25,BRN-1993-0202-00701,false
2316409265,1945-05-05,BRN-1945-0203-00702,false
2316418397,2000-12-01,BRN-2000-0301-00703,false
2316427527,2005-07-23,BRN-2005-0302-00704,false
2316436657,1956-05-16,BRN-1956-0303-00705,false
2316445781,1983-05-12,BRN-1983-0401-00706,false
2316454913,1966-03-20,BRN-1966-0402-00707,false
2316464045,1983-03-26,BRN-1983-0403-00708,false
2316473174,1997-11-19,BRN-1997-0101-00709,false
2316482302,1971-07-09,BRN-1971-0102-00710,false
2316491431,1974-06-26,BRN-1974-0103-00711,false
2316500563,1971-10-09,BRN-1971-0201-00712,false
2316509694,2006-03-22,BRN-2006-0202-00713,false
2316518824,1976-06-27,BRN-1976-0203-00714,false
2316527950,1967-12-10,BRN-1967-0301-00715,false
2316537080,1982-03-16,BRN-1982-0302-00716,false
2316546210,2001-06-09,BRN-2001-0303-00717,false
2316555347,1968-05-07,BRN-1968-0401-00718,false
2316564477,1990-08-17,BRN-1990-0402-00719,false
2316573602,1967-08-23,BRN-1967-0403-00720,false
2316582738,2004-07-13,BRN-2004-0101-00721,false
2316591860,1986-11-09,BRN-1986-0102-00722,false
2316600991,1994-04-07,BRN-1994-0103-00723,false
2316610129,2001-12-16,BRN-2001-0201-00724,false
2316619251,2005-03-26,BRN-2005-0202-00725,false
2316628382,2014-09-16,BRN-2014-0203-00726,false
2316637519,2014-01-15,BRN-2014-0301-00727,false
2316646645,1940-03-28,BRN-1940-0302-00728,false
2316655774,2006-10-27,BRN-2006-0303-00729,false
2316670082,1948-11-19,BRN-1948-0401-00730,false
2316674035,1994-12-25,BRN-1994-0402-00731,false
2316683168,1951-03-26,BRN-1951-0403-00732,false
2316692291,1984-06-19,BRN-1984-0101-00733,false
2316701428,1981-02-17,BRN-1981-0102-00734,false
2316710550,1997-11-22,BRN-1997-0103-00735,false
2316719682,1968-01-11,BRN-1968-0201-00736,false
2316728817,1992-11-13,BRN-1992-0202-00737,false
2316737942,1969-11-06,BRN-1969-0203-00738,false
2316747079,1941-07-04,BRN-1941-0301-00739,false
2316756209,2022-11-24,,false
2316765336,1954-04-17,BRN-1954-0303-00741,false
2316774465,2022-10-03,BRN-2022-0401-00742,false
2316783594,2017-08-26,BRN-2017-0402-00743,false
2316792723,1957-05-10,BRN-1957-0403-00744,false
2316801858,1972-05-15,BRN-1972-0101-00745,false
2316810981,1992-03-28,BRN-1992-0102-00746,false
2316820114,1953-07-19,BRN-1953-0103-00747,false
2316829240,1979-09-04,BRN-1979-0201-00748,false
2316838371,2012-12-10,BRN-2012-0202-00749,false
2316847503,1976-03-22,BRN-1976-0203-00750,false
2316856634,2004-09-08,BRN-2004-0301-00751,false
2316865768,1985-12-24,BRN-1985-0302-00752,false
2316874895,2020-09-23,BRN-2020-0303-00753,false
2316884028,1999-11-14,BRN-1999-0401-00754,false
2316893155,2000-03-04,BRN-2000-0402-00755,false
2316902284,1978-05-01,BRN-1978-0403-00756,false
2316911416,2013-10-16,BRN-2013-0101-00757,false
2316920546,1958-11-09,BRN-1958-0102-00758,false
2316929677,2024-06-20,BRN-2024-0103-00759,false
2316938803,2008-03-11,BRN-2008-0201-00760,false
2316947933,2009-05-09,BRN-2009-0202-00761,false
2316957063,1972-03-28,BRN-1972-0203-00762,false
2316966190,1988-07-18,BRN-1988-0301-00763,false
2316975321,1974-06-22,BRN-1974-0302-00764,false
2316984456,2016-02-17,BRN-2016-0303-00765,false
2316993589,1982-05-27,BRN-1982-0401-00766,false
2317002717,1956-06-04,BRN-1956-0402-00767,false
2317011842,1998-03-22,BRN-1998-0403-00768,false
2317020978,1968-02-10,BRN-1968-0101-00769,false
2317030107,1993-12-13,BRN-1993-0102-00770,false
2317039235,2003-10-08,BRN-2003-0103-00771,false
2317048367,1966-03-01,BRN-1966-0201-00772,false
2317057496,1999-12-10,BRN-1999-0202-00773,false
2317066993,1998-11-16,BRN-1998-0203-00774,false
2317075758,2001-02-09,BRN-2001-0301-00775,false
2317084886,2004-03-06,BRN-2004-0302-00776,false
2317094018,2015-06-13,BRN-2015-0303-00777,false
2317103143,1966-09-21,BRN-1966-0401-00778,false
2317112276,2002-10-13,BRN-2002-0402-00779,false
2317121402,1998-01-15,BRN-1998-0403-00780,false
2317130534,2012-03-04,BRN-2012-0101-00781,false
2317140033,1974-12-27,BRN-1974-0102-00782,false
2317148799,1968-11-16,BRN-1968-0103-00783,false
2317157928,1970-02-05,BRN-1970-0201-00784,false
2317167058,1982-03-22,BRN-1982-0202-00785,false
2317176184,1958-04-05,BRN-1958-0203-00786,false
2317185317,1968-12-17,BRN-1968-0301-00787,false
2317194442,1992-08-15,BRN-1992-0302-00788,false
2317203578,2014-03-04,BRN-2014-0303-00789,false
2317212704,2009-05-28,BRN-2009-0401-00790,false
2317221839,2014-05-18,BRN-2014-0402-00791,false
2317230966,1975-10-03,BRN-1975-0403-00792,false
2317240094,1956-08-06,BRN-1956-0101-00793,false
2317249220,1963-08-20,BRN-1963-0102-00794,false
2317258357,1997-06-13,BRN-1997-0103-00795,false
2317267480,2004-06-04,BRN-2004-0201-00796,false
2317276616,1954-10-13,BRN-1954-0202-00797,false
2317285745,1958-10-27,BRN-1958-0203-00798,false
2317294872,1948-06-22,BRN-1948-0301-00799,false
2317304001,2002-07-28,BRN-2002-0302-00800,false
2317313138,2000-11-08,BRN-2000-0303-00801,false
2317322267,2024-08-20,BRN-2024-0401-00802,false
2317331396,1964-09-17,BRN-1964-0402-00803,false
2317340528,2002-02-11,BRN-2002-0403-00804,false
2317349656,2001-04-10,BRN-2001-0101-00805,false
2317358787,2003-02-19,BRN-2003-0102-00806,false
2317367917,1992-05-13,BRN-1992-0103-00807,false
2317377048,2000-01-16,BRN-2000-0201-00808,false
2317386170,1990-07-03,BRN-1990-0202-00809,false
2317395300,2023-05-15,,false
2317404437,2014-12-05,BRN-2014-0301-00811,false
2317413564,1984-01-28,BRN-1984-0302-00812,false
2317422690,2014-03-23,BRN-2014-0303-00813,false
2317431822,1950-01-13,BRN-1950-0401-00814,false
2317440950,1968-01-26,BRN-1968-0402-00815,false
2317450089,2025-03-17,BRN-2025-0403-00816,false
2317459214,1948-04-02,BRN-1948-0101-00817,false
2317468347,1999-11-11,BRN-1999-0102-00818,false
2317477479,1969-09-23,BRN-1969-0103-00819,false
2317486602,2017-05-07,BRN-2017-0201-00820,false
2317495735,2001-01-03,BRN-2001-0202-00821,false
2317504868,1973-11-25,BRN-1973-0203-00822,false
2317513995,2020-12-15,BRN-2020-0301-00823,false
2317523122,2017-04-05,BRN-2017-0302-00824,false
2317532256,2024-07-24,,false
2317541384,1976-11-20,BRN-1976-0401-00826,false
2317550519,1994-06-27,BRN-1994-0402-00827,false
2317559644,1997-09-06,BRN-1997-0403-00828,false
2317568776,2013-07-17,BRN-2013-0101-00829,false
2317577902,1977-04-17,BRN-1977-0102-00830,false
2317587033,1976-11-23,BRN-1976-0103-00831,false
2317596165,2013-04-02,BRN-2013-0201-00832,false
2317605290,1981-07-02,BRN-1981-0202-00833,false
2317614426,2012-12-06,BRN-2012-0203-00834,false
2317623557,1955-03-02,BRN-1955-0301-00835,false
2317632689,1973-01-03,BRN-1973-0302-00836,false
2317641815,2025-03-12,BRN-2025-0303-00837,false
2317650942,2006-09-01,BRN-2006-0401-00838,false
2317660074,2004-07-11,BRN-2004-0402-00839,false
2317669209,1991-10-13,BRN-1991-0403-00840,false
2317678335,2007-12-20,BRN-2007-0101-00841,false
2317687460,1990-07-22,BRN-1990-0102-00842,false
2317696592,1982-02-19,BRN-1982-0103-00843,false
2317705722,1988-01-08,BRN-1988-0201-00844,false
2317714855,1960-11-25,BRN-1960-0202-00845,false
2317723986,1967-04-06,BRN-1967-0203-00846,false
2317733115,1991-12-19,BRN-1991-0301-00847,false
2317742241,1976-02-21,BRN-1976-0302-00848,false
2317751375,1987-03-17,BRN-1987-0303-00849,false
2317760508,2014-05-19,BRN-2014-0401-00850,false
2317769634,2013-02-14,BRN-2013-0402-00851,false
2317778769,2009-04-18,BRN-2009-0403-00852,false
2317787894,1960-10-05,BRN-1960-0101-00853,false
2317797027,1996-08-22,BRN-1996-0102-00854,false
2317806152,1957-12-01,BRN-1957-0103-00855,false
2317815283,1997-09-24,BRN-1997-0201-00856,false
2317824411,2018-06-18,BRN-2018-0202-00857,false
2317833547,2002-09-19,BRN-2002-0203-00858,false
2317842670,1996-10-24,BRN-1996-0301-00859,false
2317851802,1988-01-17,BRN-1988-0302-00860,false
2317870185,2007-12-01,BRN-2007-0303-00861,false
2317870061,1991-06-03,BRN-1991-0401-00862,false
2317879191,1972-02-18,BRN-1972-0402-00863,false
2317888329,1991-09-12,BRN-1991-0403-00864,false
2317897453,1978-07-24,BRN-1978-0101-00865,false
2317906583,2017-07-07,BRN-2017-0102-00866,false
2317915714,2013-09-10,BRN-2013-0103-00867,false
2317924844,1996-07-02,BRN-1996-0201-00868,false
2317933970,1959-11-17,BRN-1959-0202-00869,false
2317943109,2002-05-23,BRN-2002-0203-00870,false
2317952232,2002-04-14,BRN-2002-0301-00871,false
2317961369,2022-07-24,BRN-2022-0302-00872,false
2317970494,2019-03-23,BRN-2019-0303-00873,false
2317979625,1976-09-06,BRN-1976-0401-00874,false
2317988758,1967-07-15,BRN-1967-0402-00875,false
2317997885,2022-05-18,BRN-2022-0403-00876,false
2318007016,2017-03-27,BRN-2017-0101-00877,false
2318016142,2001-04-03,BRN-2001-0102-00878,false
2318025271,1969-09-04,BRN-1969-0103-00879,false
2318034400,2015-02-15,BRN-2015-0201-00880,false
2318043533,1964-03-02,BRN-1964-0202-00881,false
2318052664,1975-05-19,BRN-1975-0203-00882,false
2318061798,2019-04-14,BRN-2019-0301-00883,false
2318070920,1950-07-13,BRN-1950-0302-00884,false
2318080059,1992-11-27,BRN-1992-0303-00885,false
2318089186,1994-02-06,BRN-1994-0401-00886,false
2318098310,1967-05-04,BRN-1967-0402-00887,false
2318107440,2017-03-10,BRN-2017-0403-00888,false
2318116571,1977-11-25,BRN-1977-0101-00889,false
2318125702,1940-12-22,BRN-1940-0102-00890,false
2318134834,1978-06-11,BRN-1978-0103-00891,false
2318143963,1954-12-08,BRN-1954-0201-00892,false
2318153098,1952-05-16,BRN-1952-0202-00893,false
2318162228,2007-05-28,BRN-2007-0203-00894,false
2318171354,1969-07-03,BRN-1969-0301-00895,false
2318180486,2009-06-28,BRN-2009-0302-00896,false
2318189617,1970-06-27,BRN-1970-0303-00897,false
2318198748,2012-04-02,BRN-2012-0401-00898,false
2318207873,2005-01-20,BRN-2005-0402-00899,false
2318217003,2006-04-26,BRN-2006-0403-00900,false
2318226139,1964-01-08,BRN-1964-0101-00901,false
2318235263,1984-06-06,BRN-1984-0102-00902,false
2318244390,1983-04-21,BRN-1983-0103-00903,false
2318253525,1981-10-13,BRN-1981-0201-00904,false
2318262657,2005-09-10,BRN-2005-0202-00905,false
2318271785,2021-10-24,BRN-2021-0203-00906,false
2318280915,2001-10-17,BRN-2001-0301-00907,false
2318290044,2022-02-09,BRN-2022-0302-00908,false
2318299172,2017-02-07,BRN-2017-0303-00909,false
2318308305,2014-02-01,BRN-2014-0401-00910,false
2318317435,1959-05-10,BRN-1959-0402-00911,false
2318326561,1940-04-14,BRN-1940-0403-00912,false
2318335698,1974-06-23,BRN-1974-0101-00913,false
2318344827,1990-08-07,BRN-1990-0102-00914,false
2318353953,2001-07-11,BRN-2001-0103-00915,false
2318363081,2013-07-26,BRN-2013-0201-00916,false
2318372214,2012-10-21,BRN-2012-0202-00917,false
2318381343,1996-03-12,BRN-1996-0203-00918,false
2318390471,2016-01-01,BRN-2016-0301-00919,false
2318399600,1960-07-12,BRN-1960-0302-00920,false
2318408732,2016-01-06,BRN-2016-0303-00921,false
2318418236,1966-06-16,BRN-1966-0401-00922,false
2318426995,1990-08-27,BRN-1990-0402-00923,false
2318436121,1994-02-14,BRN-1994-0403-00924,false
2318445259,2005-08-05,BRN-2005-0101-00925,false
2318454385,1962-09-02,BRN-1962-0102-00926,false
2318463510,1975-09-05,BRN-1975-0103-00927,false
2318472642,2025-12-25,BRN-2025-0201-00928,false
2318481773,1975-02-11,BRN-1975-0202-00929,false
2318490907,1981-03-28,BRN-1981-0203-00930,false
2318500034,1968-08-14,BRN-1968-0301-00931,false
2318509167,1993-08-27,BRN-1993-0302-00932,false
2318518294,1944-05-17,BRN-1944-0303-00933,false
2318527424,2022-10-22,BRN-2022-0401-00934,false
2318536554,1989-07-12,BRN-1989-0402-00935,false
2318545681,1950-08-14,BRN-1950-0403-00936,false
2318554818,2022-11-12,BRN-2022-0101-00937,false
2318563940,1993-03-24,BRN-1993-0102-00938,false
2318573076,2019-08-14,BRN-2019-0103-00939,false
2318582208,2005-02-15,BRN-2005-0201-00940,false
2318591330,2008-05-25,BRN-2008-0202-00941,false
2318600463,2001-07-16,BRN-2001-0203-00942,false
2318609594,1965-02-09,BRN-1965-0301-00943,false
2318618724,1957-07-24,BRN-1957-0302-00944,false
2318627850,1951-04-15,BRN-1951-0303-00945,false
2318636983,2023-02-19,BRN-2023-0401-00946,false
2318646115,1989-05-14,BRN-1989-0402-00947,false
2318655247,2019-10-19,BRN-2019-0403-00948,false
2318664370,1991-08-23,BRN-1991-0101-00949,false
2318673502,2016-04-06,BRN-2016-0102-00950,false
2318682631,2016-03-10,BRN-2016-0103-00951,false
2318691761,1975-12-22,BRN-1975-0201-00952,false
2318700890,1996-05-04,BRN-1996-0202-00953,false
2318710028,1993-08-11,BRN-1993-0203-00954,false
2318719155,1971-07-23,BRN-1971-0301-00955,false
2318728280,1971-07-25,BRN-1971-0302-00956,false
2318737417,1970-12-05,BRN-1970-0303-00957,false
2318746549,1958-09-04,BRN-1958-0401-00958,false
2318755677,1981-09-13,BRN-1981-0402-00959,false
2318764808,2016-02-06,BRN-2016-0403-00960,false
2318773938,1959-07-03,BRN-1959-0101-00961,false
2318783066,2016-02-22,BRN-2016-0102-00962,false
2318792198,2007-09-04,BRN-2007-0103-00963,false
2318801322,1992-07-08,BRN-1992-0201-00964,false
2318810451,1996-06-06,BRN-1996-0202-00965,false
2318819583,1987-12-01,BRN-1987-0203-00966,false
2318828718,1996-09-05,BRN-1996-0301-00967,false
2318837843,2004-08-17,BRN-2004-0302-00968,false
2318846977,2015-10-13,BRN-2015-0303-00969,false
2318856102,1956-01-16,BRN-1956-0401-00970,false
2318865237,1961-06-27,BRN-1961-0402-00971,false
2318874362,1963-03-11,BRN-1963-0403-00972,false
2318883494,1975-07-01,BRN-1975-0101-00973,false
2318892628,1960-01-09,BRN-1960-0102-00974,false
2318901750,1992-09-23,BRN-1992-0103-00975,false
2318910888,1962-12-13,BRN-1962-0201-00976,false
2318920015,1992-11-22,BRN-1992-0202-00977,false
2318929144,2007-03-18,BRN-2007-0203-00978,false
2318938277,1990-09-14,BRN-1990-0301-00979,false
2318947406,1974-01-02,BRN-1974-0302-00980,false
2318956539,1965-05-26,BRN-1965-0303-00981,false
2318966032,1974-12-10,BRN-1974-0401-00982,false
2318974794,1981-12-24,BRN-1981-0402-00983,false
2318983921,1944-07-05,BRN-1944-0403-00984,false
2318993053,1974-03-09,BRN-1974-0101-00985,false
2319002187,2000-12-21,BRN-2000-0102-00986,false
2319011314,1956-03-10,BRN-1956-0103-00987,false
2319020447,2012-09-11,BRN-2012-0201-00988,false
2319029578,1990-11-17,BRN-1990-0202-00989,false
2319038704,1992-02-10,BRN-1992-0203-00990,false
2319047833,1945-01-13,BRN-1945-0301-00991,false
2319056961,2008-12-25,BRN-2008-0302-00992,false
2319066091,1999-09-02,BRN-1999-0303-00993,false
2319075221,1970-06-14,BRN-1970-0401-00994,false
2319084353,1953-03-18,BRN-1953-0402-00995,false
2319093489,2002-12-01,BRN-2002-0403-00996,false
2319102617,2003-01-08,BRN-2003-0101-00997,false
2319111746,2017-09-22,BRN-2017-0102-00998,false
2319120871,1940-05-01,BRN-1940-0103-00999,false
2319130002,1978-11-18,BRN-1978-0201-01000,false
