membership_id,household_id,uin,relationship_to_head,membership_status,start_date,end_date,observed_at,source_system
HM-000001,HH-002317,2300027390,head,active,2025-01-15,,2026-07-04T09:00:00Z,SRO-CORE
HM-000002,HH-002317,2300018263,member,active,2025-01-15,,2026-07-04T09:00:00Z,SRO-CORE
HM-000003,HH-002317,2300010248,member,active,2025-01-15,,2026-07-04T09:00:00Z,SRO-CORE
HM-000004,HH-002318,2300082172,head,active,2025-01-15,,2026-07-04T09:00:00Z,SRO-CORE
HM-000005,HH-002318,2300073046,member,active,2025-01-15,,2026-07-04T09:00:00Z,SRO-CORE
HM-000006,HH-002319,2300045650,head,active,2025-01-15,,2026-07-04T09:00:00Z,SRO-CORE
HM-000007,HH-002319,2300036523,member,active,2025-01-15,,2026-07-04T09:00:00Z,SRO-CORE
HM-000008,HH-002320,2300063915,head,active,2025-01-15,,2026-07-04T09:00:00Z,SRO-CORE
HM-000009,HH-002320,2300054788,member,active,2025-01-15,,2026-07-04T09:00:00Z,SRO-CORE
HM-000010,HH-002321,2300100431,head,active,2025-01-15,,2026-07-04T09:00:00Z,SRO-CORE
HM-000011,HH-002321,2300091305,member,active,2025-01-15,,2026-07-04T09:00:00Z,SRO-CORE
HM-000012,HH-002322,2300146081,head,active,2025-01-15,,2026-07-04T09:00:00Z,SRO-CORE
HM-000013,HH-003000,2300109568,head,active,2025-03-01,,2026-07-04T09:00:00Z,SRO-CORE
HM-000014,HH-003000,2300118698,member,active,2025-03-01,,2026-07-04T09:00:00Z,SRO-CORE
HM-000015,HH-003000,2300127827,member,active,2025-03-01,,2026-07-04T09:00:00Z,SRO-CORE
HM-000016,HH-003001,2300136959,head,active,2025-03-01,,2026-07-04T09:00:00Z,SRO-CORE
HM-000017,HH-003001,2300155218,member,active,2025-03-01,,2026-07-04T09:00:00Z,SRO-CORE
HM-000018,HH-003001,2300164345,member,active,2025-03-01,,2026-07-04T09:00:00Z,SRO-CORE
HM-000019,HH-003002,2300173478,head,active,2025-03-01,,2026-07-04T09:00:00Z,SRO-CORE
HM-000020,HH-003002,2300182600,member,active,2025-03-01,,2026-07-04T09:00:00Z,SRO-CORE
HM-000021,HH-003002,2300191733,member,active,2025-03-01,,2026-07-04T09:00:00Z,SRO-CORE
HM-000022,HH-003003,2300200865,head,active,2025-03-01,,2026-07-04T09:00:00Z,SRO-CORE
HM-000023,HH-003003,2310209990,member,active,2025-03-01,,2026-07-04T09:00:00Z,SRO-CORE
HM-000024,HH-003003,2310219126,member,active,2025-03-01,,2026-07-04T09:00:00Z,SRO-CORE
HM-000025,HH-003004,2310228253,head,active,2025-03-01,,2026-07-04T09:00:00Z,SRO-CORE
HM-000026,HH-003004,2310237380,member,active,2025-03-01,,2026-07-04T09:00:00Z,SRO-CORE
HM-000027,HH-003004,2310246514,member,active,2025-03-01,,2026-07-04T09:00:00Z,SRO-CORE
HM-000028,HH-003005,2310255646,head,active,2025-03-01,,2026-07-04T09:00:00Z,SRO-CORE
HM-000029,HH-003005,2310264776,member,active,2025-03-01,,2026-07-04T09:00:00Z,SRO-CORE
HM-000030,HH-003005,2310273903,member,active,2025-03-01,,2026-07-04T09:00:00Z,SRO-CORE
HM-000031,HH-003006,2310283034,head,active,2025-03-01,,2026-07-04T09:00:00Z,SRO-CORE
HM-000032,HH-003006,2310292169,member,active,2025-03-01,,2026-07-04T09:00:00Z,SRO-CORE
HM-000033,HH-003006,2310301292,member,active,2025-03-01,,2026-07-04T09:00:00Z,SRO-CORE
HM-000034,HH-003007,2310310425,head,active,2025-03-01,,2026-07-04T09:00:00Z,SRO-CORE
HM-000035,HH-003007,2310319558,member,active,2025-03-01,,2026-07-04T09:00:00Z,SRO-CORE
HM-000036,HH-003007,2310328686,member,active,2025-03-01,,2026-07-04T09:00:00Z,SRO-CORE
HM-000037,HH-003008,2310337812,head,active,2025-03-01,,2026-07-04T09:00:00Z,SRO-CORE
HM-000038,HH-003008,2310346943,member,active,2025-03-01,,2026-07-04T09:00:00Z,SRO-CORE
HM-000039,HH-003008,2310356076,member,active,2025-03-01,,2026-07-04T09:00:00Z,SRO-CORE
HM-000040,HH-003009,2310365207,head,active,2025-03-01,,2026-07-04T09:00:00Z,SRO-CORE
HM-000041,HH-003009,2310374331,member,active,2025-03-01,,2026-07-04T09:00:00Z,SRO-CORE
HM-000042,HH-003009,2310383467,member,active,2025-03-01,,2026-07-04T09:00:00Z,SRO-CORE
HM-000043,HH-003010,2310392598,head,active,2025-03-01,,2026-07-04T09:00:00Z,SRO-CORE
HM-000044,HH-003010,2310401728,member,active,2025-03-01,,2026-07-04T09:00:00Z,SRO-CORE
HM-000045,HH-003010,2310410852,member,active,2025-03-01,,2026-07-04T09:00:00Z,SRO-CORE
HM-000046,HH-003011,2310419983,head,active,2025-03-01,,2026-07-04T09:00:00Z,SRO-CORE
HM-000047,HH-003011,2310429113,member,active,2025-03-01,,2026-07-04T09:00:00Z,SRO-CORE
HM-000048,HH-003011,2310438240,member,active,2025-03-01,,2026-07-04T09:00:00Z,SRO-CORE
HM-000049,HH-003012,2310447379,head,active,2025-03-01,,2026-07-04T09:00:00Z,SRO-CORE
HM-000050,HH-003012,2310456507,member,active,2025-03-01,,2026-07-04T09:00:00Z,SRO-CORE
HM-000051,HH-003012,2310465637,member,active,2025-03-01,,2026-07-04T09:00:00Z,SRO-CORE
HM-000052,HH-003013,2310474769,head,active,2025-03-01,,2026-07-04T09:00:00Z,SRO-CORE
HM-000053,HH-003013,2310483890,member,active,2025-03-01,,2026-07-04T09:00:00Z,SRO-CORE
HM-000054,HH-003013,2310493025,member,active,2025-03-01,,2026-07-04T09:00:00Z,SRO-CORE
HM-000055,HH-003014,2310502155,head,active,2025-03-01,,2026-07-04T09:00:00Z,SRO-CORE
HM-000056,HH-003014,2310511281,member,active,2025-03-01,,2026-07-04T09:00:00Z,SRO-CORE
HM-000057,HH-003014,2310520414,member,active,2025-03-01,,2026-07-04T09:00:00Z,SRO-CORE
HM-000058,HH-003015,2310529549,head,active,2025-03-01,,2026-07-04T09:00:00Z,SRO-CORE
HM-000059,HH-003015,2310538676,member,active,2025-03-01,,2026-07-04T09:00:00Z,SRO-CORE
HM-000060,HH-003015,2310547809,member,active,2025-03-01,,2026-07-04T09:00:00Z,SRO-CORE
HM-000061,HH-003016,2310556939,head,active,2025-03-01,,2026-07-04T09:00:00Z,SRO-CORE
HM-000062,HH-003016,2310566061,member,active,2025-03-01,,2026-07-04T09:00:00Z,SRO-CORE
HM-000063,HH-003016,2310575190,member,active,2025-03-01,,2026-07-04T09:00:00Z,SRO-CORE
HM-000064,HH-003017,2310584323,head,active,2025-03-01,,2026-07-04T09:00:00Z,SRO-CORE
HM-000065,HH-003017,2310593457,member,active,2025-03-01,,2026-07-04T09:00:00Z,SRO-CORE
HM-000066,HH-003017,2310602580,member,active,2025-03-01,,2026-07-04T09:00:00Z,SRO-CORE
HM-000067,HH-003018,2310611719,head,active,2025-03-01,,2026-07-04T09:00:00Z,SRO-CORE
HM-000068,HH-003018,2310620849,member,active,2025-03-01,,2026-07-04T09:00:00Z,SRO-CORE
HM-000069,HH-003018,2310629979,member,active,2025-03-01,,2026-07-04T09:00:00Z,SRO-CORE
HM-000070,HH-003019,2310639105,head,active,2025-03-01,,2026-07-04T09:00:00Z,SRO-CORE
HM-000071,HH-003019,2310648232,member,active,2025-03-01,,2026-07-04T09:00:00Z,SRO-CORE
HM-000072,HH-003019,2310657361,member,active,2025-03-01,,2026-07-04T09:00:00Z,SRO-CORE
HM-000073,HH-003020,2310667233,head,active,2025-03-01,,2026-07-04T09:00:00Z,SRO-CORE
HM-000074,HH-003020,2310675622,member,active,2025-03-01,,2026-07-04T09:00:00Z,SRO-CORE
HM-000075,HH-003020,2310684755,member,active,2025-03-01,,2026-07-04T09:00:00Z,SRO-CORE
HM-000076,HH-003021,2310693889,head,active,2025-03-01,,2026-07-04T09:00:00Z,SRO-CORE
HM-000077,HH-003021,2310703011,member,active,2025-03-01,,2026-07-04T09:00:00Z,SRO-CORE
HM-000078,HH-003021,2310712148,member,active,2025-03-01,,2026-07-04T09:00:00Z,SRO-CORE
HM-000079,HH-003022,2310721274,head,active,2025-03-01,,2026-07-04T09:00:00Z,SRO-CORE
HM-000080,HH-003022,2310730400,member,active,2025-03-01,,2026-07-04T09:00:00Z,SRO-CORE
HM-000081,HH-003022,2310739539,member,active,2025-03-01,,2026-07-04T09:00:00Z,SRO-CORE
HM-000082,HH-003023,2310748669,head,active,2025-03-01,,2026-07-04T09:00:00Z,SRO-CORE
HM-000083,HH-003023,2310757796,member,active,2025-03-01,,2026-07-04T09:00:00Z,SRO-CORE
HM-000084,HH-003023,2310766922,member,active,2025-03-01,,2026-07-04T09:00:00Z,SRO-CORE
HM-000085,HH-003024,2310776057,head,active,2025-03-01,,2026-07-04T09:00:00Z,SRO-CORE
HM-000086,HH-003024,2310785185,member,active,2025-03-01,,2026-07-04T09:00:00Z,SRO-CORE
HM-000087,HH-003024,2310794315,member,active,2025-03-01,,2026-07-04T09:00:00Z,SRO-CORE
HM-000088,HH-003025,2310803440,head,active,2025-03-01,,2026-07-04T09:00:00Z,SRO-CORE
HM-000089,HH-003025,2310812573,member,active,2025-03-01,,2026-07-04T09:00:00Z,SRO-CORE
HM-000090,HH-003025,2310821708,member,active,2025-03-01,,2026-07-04T09:00:00Z,SRO-CORE
HM-000091,HH-003026,2310830839,head,active,2025-03-01,,2026-07-04T09:00:00Z,SRO-CORE
HM-000092,HH-003026,2310839963,member,active,2025-03-01,,2026-07-04T09:00:00Z,SRO-CORE
HM-000093,HH-003026,2310849095,member,active,2025-03-01,,2026-07-04T09:00:00Z,SRO-CORE
HM-000094,HH-003027,2310858224,head,active,2025-03-01,,2026-07-04T09:00:00Z,SRO-CORE
HM-000095,HH-003027,2310867351,member,active,2025-03-01,,2026-07-04T09:00:00Z,SRO-CORE
HM-000096,HH-003027,2310876484,member,active,2025-03-01,,2026-07-04T09:00:00Z,SRO-CORE
HM-000097,HH-003028,2310885612,head,active,2025-03-01,,2026-07-04T09:00:00Z,SRO-CORE
HM-000098,HH-003028,2310894745,member,active,2025-03-01,,2026-07-04T09:00:00Z,SRO-CORE
HM-000099,HH-003028,2310903879,member,active,2025-03-01,,2026-07-04T09:00:00Z,SRO-CORE
HM-000100,HH-003029,2310913007,head,active,2025-03-01,,2026-07-04T09:00:00Z,SRO-CORE
HM-000101,HH-003029,2310922134,member,active,2025-03-01,,2026-07-04T09:00:00Z,SRO-CORE
HM-000102,HH-003029,2310931264,member,active,2025-03-01,,2026-07-04T09:00:00Z,SRO-CORE
HM-000103,HH-003030,2310940394,head,active,2025-03-01,,2026-07-04T09:00:00Z,SRO-CORE
HM-000104,HH-003030,2310949524,member,active,2025-03-01,,2026-07-04T09:00:00Z,SRO-CORE
HM-000105,HH-003030,2310958659,member,active,2025-03-01,,2026-07-04T09:00:00Z,SRO-CORE
HM-000106,HH-003031,2310967784,head,active,2025-03-01,,2026-07-04T09:00:00Z,SRO-CORE
HM-000107,HH-003031,2310976915,member,active,2025-03-01,,2026-07-04T09:00:00Z,SRO-CORE
HM-000108,HH-003031,2310986045,member,active,2025-03-01,,2026-07-04T09:00:00Z,SRO-CORE
HM-000109,HH-003032,2310995174,head,active,2025-03-01,,2026-07-04T09:00:00Z,SRO-CORE
HM-000110,HH-003032,2311004307,member,active,2025-03-01,,2026-07-04T09:00:00Z,SRO-CORE
HM-000111,HH-003032,2311013435,member,active,2025-03-01,,2026-07-04T09:00:00Z,SRO-CORE
HM-000112,HH-003033,2311022563,head,active,2025-03-01,,2026-07-04T09:00:00Z,SRO-CORE
HM-000113,HH-003033,2311031690,member,active,2025-03-01,,2026-07-04T09:00:00Z,SRO-CORE
HM-000114,HH-003033,2311040823,member,active,2025-03-01,,2026-07-04T09:00:00Z,SRO-CORE
HM-000115,HH-003034,2311049954,head,active,2025-03-01,,2026-07-04T09:00:00Z,SRO-CORE
HM-000116,HH-003034,2311059088,member,active,2025-03-01,,2026-07-04T09:00:00Z,SRO-CORE
HM-000117,HH-003034,2311068212,member,active,2025-03-01,,2026-07-04T09:00:00Z,SRO-CORE
HM-000118,HH-003035,2311077342,head,active,2025-03-01,,2026-07-04T09:00:00Z,SRO-CORE
HM-000119,HH-003035,2311086472,member,active,2025-03-01,,2026-07-04T09:00:00Z,SRO-CORE
HM-000120,HH-003035,2311095607,member,active,2025-03-01,,2026-07-04T09:00:00Z,SRO-CORE
HM-000121,HH-003036,2311104730,head,active,2025-03-01,,2026-07-04T09:00:00Z,SRO-CORE
HM-000122,HH-003036,2311120153,member,active,2025-03-01,,2026-07-04T09:00:00Z,SRO-CORE
HM-000123,HH-003036,2311122998,member,active,2025-03-01,,2026-07-04T09:00:00Z,SRO-CORE
HM-000124,HH-003037,2311132123,head,active,2025-03-01,,2026-07-04T09:00:00Z,SRO-CORE
HM-000125,HH-003037,2311141251,member,active,2025-03-01,,2026-07-04T09:00:00Z,SRO-CORE
HM-000126,HH-003037,2311150381,member,active,2025-03-01,,2026-07-04T09:00:00Z,SRO-CORE
HM-000127,HH-003038,2311159517,head,active,2025-03-01,,2026-07-04T09:00:00Z,SRO-CORE
HM-000128,HH-003038,2311168641,member,active,2025-03-01,,2026-07-04T09:00:00Z,SRO-CORE
HM-000129,HH-003038,2311178141,member,active,2025-03-01,,2026-07-04T09:00:00Z,SRO-CORE
HM-000130,HH-003039,2311186909,head,active,2025-03-01,,2026-07-04T09:00:00Z,SRO-CORE
HM-000131,HH-003039,2311196032,member,active,2025-03-01,,2026-07-04T09:00:00Z,SRO-CORE
HM-000132,HH-003039,2311205169,member,active,2025-03-01,,2026-07-04T09:00:00Z,SRO-CORE
HM-000133,HH-003040,2311214299,head,active,2025-03-01,,2026-07-04T09:00:00Z,SRO-CORE
HM-000134,HH-003040,2311223427,member,active,2025-03-01,,2026-07-04T09:00:00Z,SRO-CORE
HM-000135,HH-003040,2311232559,member,active,2025-03-01,,2026-07-04T09:00:00Z,SRO-CORE
HM-000136,HH-003041,2311241680,head,active,2025-03-01,,2026-07-04T09:00:00Z,SRO-CORE
HM-000137,HH-003041,2311250816,member,active,2025-03-01,,2026-07-04T09:00:00Z,SRO-CORE
HM-000138,HH-003041,2311259942,member,active,2025-03-01,,2026-07-04T09:00:00Z,SRO-CORE
HM-000139,HH-003042,2311269072,head,active,2025-03-01,,2026-07-04T09:00:00Z,SRO-CORE
HM-000140,HH-003042,2311278200,member,active,2025-03-01,,2026-07-04T09:00:00Z,SRO-CORE
HM-000141,HH-003042,2311287331,member,active,2025-03-01,,2026-07-04T09:00:00Z,SRO-CORE
HM-000142,HH-003043,2311296464,head,active,2025-03-01,,2026-07-04T09:00:00Z,SRO-CORE
HM-000143,HH-003043,2311305599,member,active,2025-03-01,,2026-07-04T09:00:00Z,SRO-CORE
HM-000144,HH-003043,2311314722,member,active,2025-03-01,,2026-07-04T09:00:00Z,SRO-CORE
HM-000145,HH-003044,2311323851,head,active,2025-03-01,,2026-07-04T09:00:00Z,SRO-CORE
HM-000146,HH-003044,2311332981,member,active,2025-03-01,,2026-07-04T09:00:00Z,SRO-CORE
HM-000147,HH-003044,2311342118,member,active,2025-03-01,,2026-07-04T09:00:00Z,SRO-CORE
HM-000148,HH-003045,2311351240,head,active,2025-03-01,,2026-07-04T09:00:00Z,SRO-CORE
HM-000149,HH-003045,2311360379,member,active,2025-03-01,,2026-07-04T09:00:00Z,SRO-CORE
HM-000150,HH-003045,2311369500,member,active,2025-03-01,,2026-07-04T09:00:00Z,SRO-CORE
HM-000151,HH-003046,2311379002,head,active,2025-03-01,,2026-07-04T09:00:00Z,SRO-CORE
HM-000152,HH-003046,2311387766,member,active,2025-03-01,,2026-07-04T09:00:00Z,SRO-CORE
HM-000153,HH-003046,2311396895,member,active,2025-03-01,,2026-07-04T09:00:00Z,SRO-CORE
HM-000154,HH-003047,2311406024,head,active,2025-03-01,,2026-07-04T09:00:00Z,SRO-CORE
HM-000155,HH-003047,2311415156,member,active,2025-03-01,,2026-07-04T09:00:00Z,SRO-CORE
HM-000156,HH-003047,2311424287,member,active,2025-03-01,,2026-07-04T09:00:00Z,SRO-CORE
HM-000157,HH-003048,2311433412,head,active,2025-03-01,,2026-07-04T09:00:00Z,SRO-CORE
HM-000158,HH-003048,2311442544,member,active,2025-03-01,,2026-07-04T09:00:00Z,SRO-CORE
HM-000159,HH-003048,2311451677,member,active,2025-03-01,,2026-07-04T09:00:00Z,SRO-CORE
HM-000160,HH-003049,2311460805,head,active,2025-03-01,,2026-07-04T09:00:00Z,SRO-CORE
HM-000161,HH-003049,2311469930,member,active,2025-03-01,,2026-07-04T09:00:00Z,SRO-CORE
HM-000162,HH-003049,2311479064,member,active,2025-03-01,,2026-07-04T09:00:00Z,SRO-CORE
HM-000163,HH-003050,2311488196,head,active,2025-03-01,,2026-07-04T09:00:00Z,SRO-CORE
HM-000164,HH-003050,2311497327,member,active,2025-03-01,,2026-07-04T09:00:00Z,SRO-CORE
HM-000165,HH-003050,2311506452,member,active,2025-03-01,,2026-07-04T09:00:00Z,SRO-CORE
HM-000166,HH-003051,2311515588,head,active,2025-03-01,,2026-07-04T09:00:00Z,SRO-CORE
HM-000167,HH-003051,2311524719,member,active,2025-03-01,,2026-07-04T09:00:00Z,SRO-CORE
HM-000168,HH-003051,2311533841,member,active,2025-03-01,,2026-07-04T09:00:00Z,SRO-CORE
HM-000169,HH-003052,2311542979,head,active,2025-03-01,,2026-07-04T09:00:00Z,SRO-CORE
HM-000170,HH-003052,2311552104,member,active,2025-03-01,,2026-07-04T09:00:00Z,SRO-CORE
HM-000171,HH-003052,2311561232,member,active,2025-03-01,,2026-07-04T09:00:00Z,SRO-CORE
HM-000172,HH-003053,2311570366,head,active,2025-03-01,,2026-07-04T09:00:00Z,SRO-CORE
HM-000173,HH-003053,2311579493,member,active,2025-03-01,,2026-07-04T09:00:00Z,SRO-CORE
HM-000174,HH-003053,2311588620,member,active,2025-03-01,,2026-07-04T09:00:00Z,SRO-CORE
HM-000175,HH-003054,2311597757,head,active,2025-03-01,,2026-07-04T09:00:00Z,SRO-CORE
HM-000176,HH-003054,2311606882,member,active,2025-03-01,,2026-07-04T09:00:00Z,SRO-CORE
HM-000177,HH-003054,2311616013,member,active,2025-03-01,,2026-07-04T09:00:00Z,SRO-CORE
HM-000178,HH-003055,2311625144,head,active,2025-03-01,,2026-07-04T09:00:00Z,SRO-CORE
HM-000179,HH-003055,2311634272,member,active,2025-03-01,,2026-07-04T09:00:00Z,SRO-CORE
HM-000180,HH-003055,2311643402,member,active,2025-03-01,,2026-07-04T09:00:00Z,SRO-CORE
HM-000181,HH-003056,2311652530,head,active,2025-03-01,,2026-07-04T09:00:00Z,SRO-CORE
HM-000182,HH-003056,2311662038,member,active,2025-03-01,,2026-07-04T09:00:00Z,SRO-CORE
HM-000183,HH-003056,2311670790,member,active,2025-03-01,,2026-07-04T09:00:00Z,SRO-CORE
HM-000184,HH-003057,2311679926,head,active,2025-03-01,,2026-07-04T09:00:00Z,SRO-CORE
HM-000185,HH-003057,2311689052,member,active,2025-03-01,,2026-07-04T09:00:00Z,SRO-CORE
HM-000186,HH-003057,2311698182,member,active,2025-03-01,,2026-07-04T09:00:00Z,SRO-CORE
HM-000187,HH-003058,2311707311,head,active,2025-03-01,,2026-07-04T09:00:00Z,SRO-CORE
HM-000188,HH-003058,2311716440,member,active,2025-03-01,,2026-07-04T09:00:00Z,SRO-CORE
HM-000189,HH-003058,2311725577,member,active,2025-03-01,,2026-07-04T09:00:00Z,SRO-CORE
HM-000190,HH-003059,2311734707,head,active,2025-03-01,,2026-07-04T09:00:00Z,SRO-CORE
HM-000191,HH-003059,2311743839,member,active,2025-03-01,,2026-07-04T09:00:00Z,SRO-CORE
HM-000192,HH-003059,2311752965,member,active,2025-03-01,,2026-07-04T09:00:00Z,SRO-CORE
HM-000193,HH-003060,2311762099,head,active,2025-03-01,,2026-07-04T09:00:00Z,SRO-CORE
HM-000194,HH-003060,2311771221,member,active,2025-03-01,,2026-07-04T09:00:00Z,SRO-CORE
HM-000195,HH-003060,2311780353,member,active,2025-03-01,,2026-07-04T09:00:00Z,SRO-CORE
HM-000196,HH-003061,2311789489,head,active,2025-03-01,,2026-07-04T09:00:00Z,SRO-CORE
HM-000197,HH-003061,2311798618,member,active,2025-03-01,,2026-07-04T09:00:00Z,SRO-CORE
HM-000198,HH-003061,2311807744,member,active,2025-03-01,,2026-07-04T09:00:00Z,SRO-CORE
HM-000199,HH-003062,2311816872,head,active,2025-03-01,,2026-07-04T09:00:00Z,SRO-CORE
HM-000200,HH-003062,2311826000,member,active,2025-03-01,,2026-07-04T09:00:00Z,SRO-CORE
HM-000201,HH-003062,2311835133,member,active,2025-03-01,,2026-07-04T09:00:00Z,SRO-CORE
HM-000202,HH-003063,2311844264,head,active,2025-03-01,,2026-07-04T09:00:00Z,SRO-CORE
HM-000203,HH-003063,2311853399,member,active,2025-03-01,,2026-07-04T09:00:00Z,SRO-CORE
HM-000204,HH-003063,2311862528,member,active,2025-03-01,,2026-07-04T09:00:00Z,SRO-CORE
HM-000205,HH-003064,2311871650,head,active,2025-03-01,,2026-07-04T09:00:00Z,SRO-CORE
HM-000206,HH-003064,2311880785,member,active,2025-03-01,,2026-07-04T09:00:00Z,SRO-CORE
HM-000207,HH-003064,2311889916,member,active,2025-03-01,,2026-07-04T09:00:00Z,SRO-CORE
HM-000208,HH-003065,2311899043,head,active,2025-03-01,,2026-07-04T09:00:00Z,SRO-CORE
HM-000209,HH-003065,2311908170,member,active,2025-03-01,,2026-07-04T09:00:00Z,SRO-CORE
HM-000210,HH-003065,2311917307,member,active,2025-03-01,,2026-07-04T09:00:00Z,SRO-CORE
HM-000211,HH-003066,2311926439,head,active,2025-03-01,,2026-07-04T09:00:00Z,SRO-CORE
HM-000212,HH-003066,2311935567,member,active,2025-03-01,,2026-07-04T09:00:00Z,SRO-CORE
HM-000213,HH-003066,2311944696,member,active,2025-03-01,,2026-07-04T09:00:00Z,SRO-CORE
HM-000214,HH-003067,2311953823,head,active,2025-03-01,,2026-07-04T09:00:00Z,SRO-CORE
HM-000215,HH-003067,2311962953,member,active,2025-03-01,,2026-07-04T09:00:00Z,SRO-CORE
HM-000216,HH-003067,2311972085,member,active,2025-03-01,,2026-07-04T09:00:00Z,SRO-CORE
HM-000217,HH-003068,2311981215,head,active,2025-03-01,,2026-07-04T09:00:00Z,SRO-CORE
HM-000218,HH-003068,2311990345,member,active,2025-03-01,,2026-07-04T09:00:00Z,SRO-CORE
HM-000219,HH-003068,2311999472,member,active,2025-03-01,,2026-07-04T09:00:00Z,SRO-CORE
HM-000220,HH-003069,2312008601,head,active,2025-03-01,,2026-07-04T09:00:00Z,SRO-CORE
HM-000221,HH-003069,2312017733,member,active,2025-03-01,,2026-07-04T09:00:00Z,SRO-CORE
HM-000222,HH-003069,2312026867,member,active,2025-03-01,,2026-07-04T09:00:00Z,SRO-CORE
HM-000223,HH-003070,2312035994,head,active,2025-03-01,,2026-07-04T09:00:00Z,SRO-CORE
HM-000224,HH-003070,2312045123,member,active,2025-03-01,,2026-07-04T09:00:00Z,SRO-CORE
HM-000225,HH-003070,2312054258,member,active,2025-03-01,,2026-07-04T09:00:00Z,SRO-CORE
HM-000226,HH-003071,2312063388,head,active,2025-03-01,,2026-07-04T09:00:00Z,SRO-CORE
HM-000227,HH-003071,2312072517,member,active,2025-03-01,,2026-07-04T09:00:00Z,SRO-CORE
HM-000228,HH-003071,2312081648,member,active,2025-03-01,,2026-07-04T09:00:00Z,SRO-CORE
HM-000229,HH-003072,2312090776,head,active,2025-03-01,,2026-07-04T09:00:00Z,SRO-CORE
HM-000230,HH-003072,2312099907,member,active,2025-03-01,,2026-07-04T09:00:00Z,SRO-CORE
HM-000231,HH-003072,2312109030,member,active,2025-03-01,,2026-07-04T09:00:00Z,SRO-CORE
HM-000232,HH-003073,2312118169,head,active,2025-03-01,,2026-07-04T09:00:00Z,SRO-CORE
HM-000233,HH-003073,2312127290,member,active,2025-03-01,,2026-07-04T09:00:00Z,SRO-CORE
HM-000234,HH-003073,2312136423,member,active,2025-03-01,,2026-07-04T09:00:00Z,SRO-CORE
HM-000235,HH-003074,2312145550,head,active,2025-03-01,,2026-07-04T09:00:00Z,SRO-CORE
HM-000236,HH-003074,2312154684,member,active,2025-03-01,,2026-07-04T09:00:00Z,SRO-CORE
HM-000237,HH-003074,2312163815,member,active,2025-03-01,,2026-07-04T09:00:00Z,SRO-CORE
HM-000238,HH-003075,2312172947,head,active,2025-03-01,,2026-07-04T09:00:00Z,SRO-CORE
HM-000239,HH-003075,2312182072,member,active,2025-03-01,,2026-07-04T09:00:00Z,SRO-CORE
HM-000240,HH-003075,2312191209,member,active,2025-03-01,,2026-07-04T09:00:00Z,SRO-CORE
HM-000241,HH-003076,2312200330,head,active,2025-03-01,,2026-07-04T09:00:00Z,SRO-CORE
HM-000242,HH-003076,2312209462,member,active,2025-03-01,,2026-07-04T09:00:00Z,SRO-CORE
HM-000243,HH-003076,2312218592,member,active,2025-03-01,,2026-07-04T09:00:00Z,SRO-CORE
HM-000244,HH-003077,2312227723,head,active,2025-03-01,,2026-07-04T09:00:00Z,SRO-CORE
HM-000245,HH-003077,2312236851,member,active,2025-03-01,,2026-07-04T09:00:00Z,SRO-CORE
HM-000246,HH-003077,2312245982,member,active,2025-03-01,,2026-07-04T09:00:00Z,SRO-CORE
HM-000247,HH-003078,2312255117,head,active,2025-03-01,,2026-07-04T09:00:00Z,SRO-CORE
HM-000248,HH-003078,2312264241,member,active,2025-03-01,,2026-07-04T09:00:00Z,SRO-CORE
HM-000249,HH-003078,2312273375,member,active,2025-03-01,,2026-07-04T09:00:00Z,SRO-CORE
HM-000250,HH-003079,2312282506,head,active,2025-03-01,,2026-07-04T09:00:00Z,SRO-CORE
HM-000251,HH-003079,2312291630,member,active,2025-03-01,,2026-07-04T09:00:00Z,SRO-CORE
HM-000252,HH-003079,2312300765,member,active,2025-03-01,,2026-07-04T09:00:00Z,SRO-CORE
HM-000253,HH-003080,2312309898,head,active,2025-03-01,,2026-07-04T09:00:00Z,SRO-CORE
HM-000254,HH-003080,2312319022,member,active,2025-03-01,,2026-07-04T09:00:00Z,SRO-CORE
HM-000255,HH-003080,2312328150,member,active,2025-03-01,,2026-07-04T09:00:00Z,SRO-CORE
HM-000256,HH-003081,2312337289,head,active,2025-03-01,,2026-07-04T09:00:00Z,SRO-CORE
HM-000257,HH-003081,2312346419,member,active,2025-03-01,,2026-07-04T09:00:00Z,SRO-CORE
HM-000258,HH-003081,2312355542,member,active,2025-03-01,,2026-07-04T09:00:00Z,SRO-CORE
HM-000259,HH-003082,2312364677,head,active,2025-03-01,,2026-07-04T09:00:00Z,SRO-CORE
HM-000260,HH-003082,2312373805,member,active,2025-03-01,,2026-07-04T09:00:00Z,SRO-CORE
HM-000261,HH-003082,2312382938,member,active,2025-03-01,,2026-07-04T09:00:00Z,SRO-CORE
HM-000262,HH-003083,2312392060,head,active,2025-03-01,,2026-07-04T09:00:00Z,SRO-CORE
HM-000263,HH-003083,2312401194,member,active,2025-03-01,,2026-07-04T09:00:00Z,SRO-CORE
HM-000264,HH-003083,2312410326,member,active,2025-03-01,,2026-07-04T09:00:00Z,SRO-CORE
HM-000265,HH-003084,2312419452,head,active,2025-03-01,,2026-07-04T09:00:00Z,SRO-CORE
HM-000266,HH-003084,2312428584,member,active,2025-03-01,,2026-07-04T09:00:00Z,SRO-CORE
HM-000267,HH-003084,2312437718,member,active,2025-03-01,,2026-07-04T09:00:00Z,SRO-CORE
HM-000268,HH-003085,2312446846,head,active,2025-03-01,,2026-07-04T09:00:00Z,SRO-CORE
HM-000269,HH-003085,2312455979,member,active,2025-03-01,,2026-07-04T09:00:00Z,SRO-CORE
HM-000270,HH-003085,2312465105,member,active,2025-03-01,,2026-07-04T09:00:00Z,SRO-CORE
HM-000271,HH-003086,2312474239,head,active,2025-03-01,,2026-07-04T09:00:00Z,SRO-CORE
HM-000272,HH-003086,2312483366,member,active,2025-03-01,,2026-07-04T09:00:00Z,SRO-CORE
HM-000273,HH-003086,2312492491,member,active,2025-03-01,,2026-07-04T09:00:00Z,SRO-CORE
HM-000274,HH-003087,2312501629,head,active,2025-03-01,,2026-07-04T09:00:00Z,SRO-CORE
HM-000275,HH-003087,2312510756,member,active,2025-03-01,,2026-07-04T09:00:00Z,SRO-CORE
HM-000276,HH-003087,2312519885,member,active,2025-03-01,,2026-07-04T09:00:00Z,SRO-CORE
HM-000277,HH-003088,2312529015,head,active,2025-03-01,,2026-07-04T09:00:00Z,SRO-CORE
HM-000278,HH-003088,2312538143,member,active,2025-03-01,,2026-07-04T09:00:00Z,SRO-CORE
HM-000279,HH-003088,2312547274,member,active,2025-03-01,,2026-07-04T09:00:00Z,SRO-CORE
HM-000280,HH-003089,2312556400,head,active,2025-03-01,,2026-07-04T09:00:00Z,SRO-CORE
HM-000281,HH-003089,2312565531,member,active,2025-03-01,,2026-07-04T09:00:00Z,SRO-CORE
HM-000282,HH-003089,2312574669,member,active,2025-03-01,,2026-07-04T09:00:00Z,SRO-CORE
HM-000283,HH-003090,2312583797,head,active,2025-03-01,,2026-07-04T09:00:00Z,SRO-CORE
HM-000284,HH-003090,2312592924,member,active,2025-03-01,,2026-07-04T09:00:00Z,SRO-CORE
HM-000285,HH-003090,2312602056,member,active,2025-03-01,,2026-07-04T09:00:00Z,SRO-CORE
HM-000286,HH-003091,2312611189,head,active,2025-03-01,,2026-07-04T09:00:00Z,SRO-CORE
HM-000287,HH-003091,2312620317,member,active,2025-03-01,,2026-07-04T09:00:00Z,SRO-CORE
HM-000288,HH-003091,2312629445,member,active,2025-03-01,,2026-07-04T09:00:00Z,SRO-CORE
HM-000289,HH-003092,2312638577,head,active,2025-03-01,,2026-07-04T09:00:00Z,SRO-CORE
HM-000290,HH-003092,2312647709,member,active,2025-03-01,,2026-07-04T09:00:00Z,SRO-CORE
HM-000291,HH-003092,2312656835,member,active,2025-03-01,,2026-07-04T09:00:00Z,SRO-CORE
HM-000292,HH-003093,2312665968,head,active,2025-03-01,,2026-07-04T09:00:00Z,SRO-CORE
HM-000293,HH-003093,2312675091,member,active,2025-03-01,,2026-07-04T09:00:00Z,SRO-CORE
HM-000294,HH-003093,2312684223,member,active,2025-03-01,,2026-07-04T09:00:00Z,SRO-CORE
HM-000295,HH-003094,2312693354,head,active,2025-03-01,,2026-07-04T09:00:00Z,SRO-CORE
HM-000296,HH-003094,2312702483,member,active,2025-03-01,,2026-07-04T09:00:00Z,SRO-CORE
HM-000297,HH-003094,2312711611,member,active,2025-03-01,,2026-07-04T09:00:00Z,SRO-CORE
HM-000298,HH-003095,2312720746,head,active,2025-03-01,,2026-07-04T09:00:00Z,SRO-CORE
HM-000299,HH-003095,2312729876,member,active,2025-03-01,,2026-07-04T09:00:00Z,SRO-CORE
HM-000300,HH-003095,2312739007,member,active,2025-03-01,,2026-07-04T09:00:00Z,SRO-CORE
HM-000301,HH-003096,2312748136,head,active,2025-03-01,,2026-07-04T09:00:00Z,SRO-CORE
HM-000302,HH-003096,2312757264,member,active,2025-03-01,,2026-07-04T09:00:00Z,SRO-CORE
HM-000303,HH-003096,2312766394,member,active,2025-03-01,,2026-07-04T09:00:00Z,SRO-CORE
HM-000304,HH-003097,2312775520,head,active,2025-03-01,,2026-07-04T09:00:00Z,SRO-CORE
HM-000305,HH-003097,2312784651,member,active,2025-03-01,,2026-07-04T09:00:00Z,SRO-CORE
HM-000306,HH-003097,2312793787,member,active,2025-03-01,,2026-07-04T09:00:00Z,SRO-CORE
HM-000307,HH-003098,2312802913,head,active,2025-03-01,,2026-07-04T09:00:00Z,SRO-CORE
HM-000308,HH-003098,2312812048,member,active,2025-03-01,,2026-07-04T09:00:00Z,SRO-CORE
HM-000309,HH-003098,2312821175,member,active,2025-03-01,,2026-07-04T09:00:00Z,SRO-CORE
HM-000310,HH-003099,2312830305,head,active,2025-03-01,,2026-07-04T09:00:00Z,SRO-CORE
HM-000311,HH-003099,2312839439,member,active,2025-03-01,,2026-07-04T09:00:00Z,SRO-CORE
HM-000312,HH-003099,2312848565,member,active,2025-03-01,,2026-07-04T09:00:00Z,SRO-CORE
HM-000313,HH-003100,2312857694,head,active,2025-03-01,,2026-07-04T09:00:00Z,SRO-CORE
HM-000314,HH-003100,2312866822,member,active,2025-03-01,,2026-07-04T09:00:00Z,SRO-CORE
HM-000315,HH-003100,2312875952,member,active,2025-03-01,,2026-07-04T09:00:00Z,SRO-CORE
HM-000316,HH-003101,2312885086,head,active,2025-03-01,,2026-07-04T09:00:00Z,SRO-CORE
HM-000317,HH-003101,2312894216,member,active,2025-03-01,,2026-07-04T09:00:00Z,SRO-CORE
HM-000318,HH-003101,2312903343,member,active,2025-03-01,,2026-07-04T09:00:00Z,SRO-CORE
HM-000319,HH-003102,2312912477,head,active,2025-03-01,,2026-07-04T09:00:00Z,SRO-CORE
HM-000320,HH-003102,2312921608,member,active,2025-03-01,,2026-07-04T09:00:00Z,SRO-CORE
HM-000321,HH-003102,2312930730,member,active,2025-03-01,,2026-07-04T09:00:00Z,SRO-CORE
HM-000322,HH-003103,2312939866,head,active,2025-03-01,,2026-07-04T09:00:00Z,SRO-CORE
HM-000323,HH-003103,2312948991,member,active,2025-03-01,,2026-07-04T09:00:00Z,SRO-CORE
HM-000324,HH-003103,2312958122,member,active,2025-03-01,,2026-07-04T09:00:00Z,SRO-CORE
HM-000325,HH-003104,2312967259,head,active,2025-03-01,,2026-07-04T09:00:00Z,SRO-CORE
HM-000326,HH-003104,2312976380,member,active,2025-03-01,,2026-07-04T09:00:00Z,SRO-CORE
HM-000327,HH-003104,2312985517,member,active,2025-03-01,,2026-07-04T09:00:00Z,SRO-CORE
HM-000328,HH-003105,2312994648,head,active,2025-03-01,,2026-07-04T09:00:00Z,SRO-CORE
HM-000329,HH-003105,2313003775,member,active,2025-03-01,,2026-07-04T09:00:00Z,SRO-CORE
HM-000330,HH-003105,2313012905,member,active,2025-03-01,,2026-07-04T09:00:00Z,SRO-CORE
HM-000331,HH-003106,2313022030,head,active,2025-03-01,,2026-07-04T09:00:00Z,SRO-CORE
HM-000332,HH-003106,2313031167,member,active,2025-03-01,,2026-07-04T09:00:00Z,SRO-CORE
HM-000333,HH-003106,2313040291,member,active,2025-03-01,,2026-07-04T09:00:00Z,SRO-CORE
HM-000334,HH-003107,2313049421,head,active,2025-03-01,,2026-07-04T09:00:00Z,SRO-CORE
HM-000335,HH-003107,2313058555,member,active,2025-03-01,,2026-07-04T09:00:00Z,SRO-CORE
HM-000336,HH-003107,2313067689,member,active,2025-03-01,,2026-07-04T09:00:00Z,SRO-CORE
HM-000337,HH-003108,2313076817,head,active,2025-03-01,,2026-07-04T09:00:00Z,SRO-CORE
HM-000338,HH-003108,2313085942,member,active,2025-03-01,,2026-07-04T09:00:00Z,SRO-CORE
HM-000339,HH-003108,2313095071,member,active,2025-03-01,,2026-07-04T09:00:00Z,SRO-CORE
HM-000340,HH-003109,2313104200,head,active,2025-03-01,,2026-07-04T09:00:00Z,SRO-CORE
HM-000341,HH-003109,2313113336,member,active,2025-03-01,,2026-07-04T09:00:00Z,SRO-CORE
HM-000342,HH-003109,2313122469,member,active,2025-03-01,,2026-07-04T09:00:00Z,SRO-CORE
HM-000343,HH-003110,2313131597,head,active,2025-03-01,,2026-07-04T09:00:00Z,SRO-CORE
HM-000344,HH-003110,2313140729,member,active,2025-03-01,,2026-07-04T09:00:00Z,SRO-CORE
HM-000345,HH-003110,2313149858,member,active,2025-03-01,,2026-07-04T09:00:00Z,SRO-CORE
HM-000346,HH-003111,2313158982,head,active,2025-03-01,,2026-07-04T09:00:00Z,SRO-CORE
HM-000347,HH-003111,2313168110,member,active,2025-03-01,,2026-07-04T09:00:00Z,SRO-CORE
HM-000348,HH-003111,2313177249,member,active,2025-03-01,,2026-07-04T09:00:00Z,SRO-CORE
HM-000349,HH-003112,2313186372,head,active,2025-03-01,,2026-07-04T09:00:00Z,SRO-CORE
HM-000350,HH-003112,2313195504,member,active,2025-03-01,,2026-07-04T09:00:00Z,SRO-CORE
HM-000351,HH-003112,2313204639,member,active,2025-03-01,,2026-07-04T09:00:00Z,SRO-CORE
HM-000352,HH-003113,2313213766,head,active,2025-03-01,,2026-07-04T09:00:00Z,SRO-CORE
HM-000353,HH-003113,2313222899,member,active,2025-03-01,,2026-07-04T09:00:00Z,SRO-CORE
HM-000354,HH-003113,2313232024,member,active,2025-03-01,,2026-07-04T09:00:00Z,SRO-CORE
HM-000355,HH-003114,2313241158,head,active,2025-03-01,,2026-07-04T09:00:00Z,SRO-CORE
HM-000356,HH-003114,2313250282,member,active,2025-03-01,,2026-07-04T09:00:00Z,SRO-CORE
HM-000357,HH-003114,2313259418,member,active,2025-03-01,,2026-07-04T09:00:00Z,SRO-CORE
HM-000358,HH-003115,2313268542,head,active,2025-03-01,,2026-07-04T09:00:00Z,SRO-CORE
HM-000359,HH-003115,2313277679,member,active,2025-03-01,,2026-07-04T09:00:00Z,SRO-CORE
HM-000360,HH-003115,2313286805,member,active,2025-03-01,,2026-07-04T09:00:00Z,SRO-CORE
HM-000361,HH-003116,2313295935,head,active,2025-03-01,,2026-07-04T09:00:00Z,SRO-CORE
HM-000362,HH-003116,2313305062,member,active,2025-03-01,,2026-07-04T09:00:00Z,SRO-CORE
HM-000363,HH-003116,2313314195,member,active,2025-03-01,,2026-07-04T09:00:00Z,SRO-CORE
HM-000364,HH-003117,2313323325,head,active,2025-03-01,,2026-07-04T09:00:00Z,SRO-CORE
HM-000365,HH-003117,2313332452,member,active,2025-03-01,,2026-07-04T09:00:00Z,SRO-CORE
HM-000366,HH-003117,2313341585,member,active,2025-03-01,,2026-07-04T09:00:00Z,SRO-CORE
HM-000367,HH-003118,2313350714,head,active,2025-03-01,,2026-07-04T09:00:00Z,SRO-CORE
HM-000368,HH-003118,2313359848,member,active,2025-03-01,,2026-07-04T09:00:00Z,SRO-CORE
HM-000369,HH-003118,2313368977,member,active,2025-03-01,,2026-07-04T09:00:00Z,SRO-CORE
HM-000370,HH-003119,2313378103,head,active,2025-03-01,,2026-07-04T09:00:00Z,SRO-CORE
HM-000371,HH-003119,2313387235,member,active,2025-03-01,,2026-07-04T09:00:00Z,SRO-CORE
HM-000372,HH-003119,2313396363,member,active,2025-03-01,,2026-07-04T09:00:00Z,SRO-CORE
HM-000373,HH-003120,2313405490,head,active,2025-03-01,,2026-07-04T09:00:00Z,SRO-CORE
HM-000374,HH-003120,2313414623,member,active,2025-03-01,,2026-07-04T09:00:00Z,SRO-CORE
HM-000375,HH-003120,2313423759,member,active,2025-03-01,,2026-07-04T09:00:00Z,SRO-CORE
HM-000376,HH-003121,2313432889,head,active,2025-03-01,,2026-07-04T09:00:00Z,SRO-CORE
HM-000377,HH-003121,2313442011,member,active,2025-03-01,,2026-07-04T09:00:00Z,SRO-CORE
HM-000378,HH-003121,2313451140,member,active,2025-03-01,,2026-07-04T09:00:00Z,SRO-CORE
HM-000379,HH-003122,2313460271,head,active,2025-03-01,,2026-07-04T09:00:00Z,SRO-CORE
HM-000380,HH-003122,2313469405,member,active,2025-03-01,,2026-07-04T09:00:00Z,SRO-CORE
HM-000381,HH-003122,2313478535,member,active,2025-03-01,,2026-07-04T09:00:00Z,SRO-CORE
HM-000382,HH-003123,2313487669,head,active,2025-03-01,,2026-07-04T09:00:00Z,SRO-CORE
HM-000383,HH-003123,2313496790,member,active,2025-03-01,,2026-07-04T09:00:00Z,SRO-CORE
HM-000384,HH-003123,2313505924,member,active,2025-03-01,,2026-07-04T09:00:00Z,SRO-CORE
HM-000385,HH-003124,2313515050,head,active,2025-03-01,,2026-07-04T09:00:00Z,SRO-CORE
HM-000386,HH-003124,2313524187,member,active,2025-03-01,,2026-07-04T09:00:00Z,SRO-CORE
HM-000387,HH-003124,2313533312,member,active,2025-03-01,,2026-07-04T09:00:00Z,SRO-CORE
HM-000388,HH-003125,2313542448,head,active,2025-03-01,,2026-07-04T09:00:00Z,SRO-CORE
HM-000389,HH-003125,2313551574,member,active,2025-03-01,,2026-07-04T09:00:00Z,SRO-CORE
HM-000390,HH-003125,2313560702,member,active,2025-03-01,,2026-07-04T09:00:00Z,SRO-CORE
HM-000391,HH-003126,2313569837,head,active,2025-03-01,,2026-07-04T09:00:00Z,SRO-CORE
HM-000392,HH-003126,2313578966,member,active,2025-03-01,,2026-07-04T09:00:00Z,SRO-CORE
HM-000393,HH-003126,2313588091,member,active,2025-03-01,,2026-07-04T09:00:00Z,SRO-CORE
HM-000394,HH-003127,2313597224,head,active,2025-03-01,,2026-07-04T09:00:00Z,SRO-CORE
HM-000395,HH-003127,2313606359,member,active,2025-03-01,,2026-07-04T09:00:00Z,SRO-CORE
HM-000396,HH-003127,2313615486,member,active,2025-03-01,,2026-07-04T09:00:00Z,SRO-CORE
HM-000397,HH-003128,2313624612,head,active,2025-03-01,,2026-07-04T09:00:00Z,SRO-CORE
HM-000398,HH-003128,2313633740,member,active,2025-03-01,,2026-07-04T09:00:00Z,SRO-CORE
HM-000399,HH-003128,2313642877,member,active,2025-03-01,,2026-07-04T09:00:00Z,SRO-CORE
HM-000400,HH-003129,2313652003,head,active,2025-03-01,,2026-07-04T09:00:00Z,SRO-CORE
HM-000401,HH-003129,2313661137,member,active,2025-03-01,,2026-07-04T09:00:00Z,SRO-CORE
HM-000402,HH-003129,2313670269,member,active,2025-03-01,,2026-07-04T09:00:00Z,SRO-CORE
HM-000403,HH-003130,2313679397,head,active,2025-03-01,,2026-07-04T09:00:00Z,SRO-CORE
HM-000404,HH-003130,2313688524,member,active,2025-03-01,,2026-07-04T09:00:00Z,SRO-CORE
HM-000405,HH-003130,2313697654,member,active,2025-03-01,,2026-07-04T09:00:00Z,SRO-CORE
HM-000406,HH-003131,2313706783,head,active,2025-03-01,,2026-07-04T09:00:00Z,SRO-CORE
HM-000407,HH-003131,2313715919,member,active,2025-03-01,,2026-07-04T09:00:00Z,SRO-CORE
HM-000408,HH-003131,2313725041,member,active,2025-03-01,,2026-07-04T09:00:00Z,SRO-CORE
HM-000409,HH-003132,2313734179,head,active,2025-03-01,,2026-07-04T09:00:00Z,SRO-CORE
HM-000410,HH-003132,2313743308,member,active,2025-03-01,,2026-07-04T09:00:00Z,SRO-CORE
HM-000411,HH-003132,2313752432,member,active,2025-03-01,,2026-07-04T09:00:00Z,SRO-CORE
HM-000412,HH-003133,2313761568,head,active,2025-03-01,,2026-07-04T09:00:00Z,SRO-CORE
HM-000413,HH-003133,2313770699,member,active,2025-03-01,,2026-07-04T09:00:00Z,SRO-CORE
HM-000414,HH-003133,2313779828,member,active,2025-03-01,,2026-07-04T09:00:00Z,SRO-CORE
HM-000415,HH-003134,2313788952,head,active,2025-03-01,,2026-07-04T09:00:00Z,SRO-CORE
HM-000416,HH-003134,2313798083,member,active,2025-03-01,,2026-07-04T09:00:00Z,SRO-CORE
HM-000417,HH-003134,2313807214,member,active,2025-03-01,,2026-07-04T09:00:00Z,SRO-CORE
HM-000418,HH-003135,2313816345,head,active,2025-03-01,,2026-07-04T09:00:00Z,SRO-CORE
HM-000419,HH-003135,2313825476,member,active,2025-03-01,,2026-07-04T09:00:00Z,SRO-CORE
HM-000420,HH-003135,2313834604,member,active,2025-03-01,,2026-07-04T09:00:00Z,SRO-CORE
HM-000421,HH-003136,2313843738,head,active,2025-03-01,,2026-07-04T09:00:00Z,SRO-CORE
HM-000422,HH-003136,2313852868,member,active,2025-03-01,,2026-07-04T09:00:00Z,SRO-CORE
HM-000423,HH-003136,2313861997,member,active,2025-03-01,,2026-07-04T09:00:00Z,SRO-CORE
HM-000424,HH-003137,2313871128,head,active,2025-03-01,,2026-07-04T09:00:00Z,SRO-CORE
HM-000425,HH-003137,2313880251,member,active,2025-03-01,,2026-07-04T09:00:00Z,SRO-CORE
HM-000426,HH-003137,2313889382,member,active,2025-03-01,,2026-07-04T09:00:00Z,SRO-CORE
HM-000427,HH-003138,2313898516,head,active,2025-03-01,,2026-07-04T09:00:00Z,SRO-CORE
HM-000428,HH-003138,2313907642,member,active,2025-03-01,,2026-07-04T09:00:00Z,SRO-CORE
HM-000429,HH-003138,2313916777,member,active,2025-03-01,,2026-07-04T09:00:00Z,SRO-CORE
HM-000430,HH-003139,2313925902,head,active,2025-03-01,,2026-07-04T09:00:00Z,SRO-CORE
HM-000431,HH-003139,2313935037,member,active,2025-03-01,,2026-07-04T09:00:00Z,SRO-CORE
HM-000432,HH-003139,2313944164,member,active,2025-03-01,,2026-07-04T09:00:00Z,SRO-CORE
HM-000433,HH-003140,2313953291,head,active,2025-03-01,,2026-07-04T09:00:00Z,SRO-CORE
HM-000434,HH-003140,2313962422,member,active,2025-03-01,,2026-07-04T09:00:00Z,SRO-CORE
HM-000435,HH-003140,2313971559,member,active,2025-03-01,,2026-07-04T09:00:00Z,SRO-CORE
HM-000436,HH-003141,2313980688,head,active,2025-03-01,,2026-07-04T09:00:00Z,SRO-CORE
HM-000437,HH-003141,2313989813,member,active,2025-03-01,,2026-07-04T09:00:00Z,SRO-CORE
HM-000438,HH-003141,2313998945,member,active,2025-03-01,,2026-07-04T09:00:00Z,SRO-CORE
HM-000439,HH-003142,2314008074,head,active,2025-03-01,,2026-07-04T09:00:00Z,SRO-CORE
HM-000440,HH-003142,2314017205,member,active,2025-03-01,,2026-07-04T09:00:00Z,SRO-CORE
HM-000441,HH-003142,2314026333,member,active,2025-03-01,,2026-07-04T09:00:00Z,SRO-CORE
HM-000442,HH-003143,2314035466,head,active,2025-03-01,,2026-07-04T09:00:00Z,SRO-CORE
HM-000443,HH-003143,2314044595,member,active,2025-03-01,,2026-07-04T09:00:00Z,SRO-CORE
HM-000444,HH-003143,2314053721,member,active,2025-03-01,,2026-07-04T09:00:00Z,SRO-CORE
HM-000445,HH-003144,2314062851,head,active,2025-03-01,,2026-07-04T09:00:00Z,SRO-CORE
HM-000446,HH-003144,2314071989,member,active,2025-03-01,,2026-07-04T09:00:00Z,SRO-CORE
HM-000447,HH-003144,2314081114,member,active,2025-03-01,,2026-07-04T09:00:00Z,SRO-CORE
HM-000448,HH-003145,2314090248,head,active,2025-03-01,,2026-07-04T09:00:00Z,SRO-CORE
HM-000449,HH-003145,2314099378,member,active,2025-03-01,,2026-07-04T09:00:00Z,SRO-CORE
HM-000450,HH-003145,2314108501,member,active,2025-03-01,,2026-07-04T09:00:00Z,SRO-CORE
HM-000451,HH-003146,2314117636,head,active,2025-03-01,,2026-07-04T09:00:00Z,SRO-CORE
HM-000452,HH-003146,2314126767,member,active,2025-03-01,,2026-07-04T09:00:00Z,SRO-CORE
HM-000453,HH-003146,2314135890,member,active,2025-03-01,,2026-07-04T09:00:00Z,SRO-CORE
HM-000454,HH-003147,2314145023,head,active,2025-03-01,,2026-07-04T09:00:00Z,SRO-CORE
HM-000455,HH-003147,2314154153,member,active,2025-03-01,,2026-07-04T09:00:00Z,SRO-CORE
HM-000456,HH-003147,2314163289,member,active,2025-03-01,,2026-07-04T09:00:00Z,SRO-CORE
HM-000457,HH-003148,2314172417,head,active,2025-03-01,,2026-07-04T09:00:00Z,SRO-CORE
HM-000458,HH-003148,2314181549,member,active,2025-03-01,,2026-07-04T09:00:00Z,SRO-CORE
HM-000459,HH-003148,2314190672,member,active,2025-03-01,,2026-07-04T09:00:00Z,SRO-CORE
HM-000460,HH-003149,2314199807,head,active,2025-03-01,,2026-07-04T09:00:00Z,SRO-CORE
HM-000461,HH-003149,2314208938,member,active,2025-03-01,,2026-07-04T09:00:00Z,SRO-CORE
HM-000462,HH-003149,2314218063,member,active,2025-03-01,,2026-07-04T09:00:00Z,SRO-CORE
HM-000463,HH-003150,2314227193,head,active,2025-03-01,,2026-07-04T09:00:00Z,SRO-CORE
HM-000464,HH-003150,2314236322,member,active,2025-03-01,,2026-07-04T09:00:00Z,SRO-CORE
HM-000465,HH-003150,2314245456,member,active,2025-03-01,,2026-07-04T09:00:00Z,SRO-CORE
HM-000466,HH-003151,2314254587,head,active,2025-03-01,,2026-07-04T09:00:00Z,SRO-CORE
HM-000467,HH-003151,2314263711,member,active,2025-03-01,,2026-07-04T09:00:00Z,SRO-CORE
HM-000468,HH-003151,2314272840,member,active,2025-03-01,,2026-07-04T09:00:00Z,SRO-CORE
HM-000469,HH-003152,2314281979,head,active,2025-03-01,,2026-07-04T09:00:00Z,SRO-CORE
HM-000470,HH-003152,2314291105,member,active,2025-03-01,,2026-07-04T09:00:00Z,SRO-CORE
HM-000471,HH-003152,2314300231,member,active,2025-03-01,,2026-07-04T09:00:00Z,SRO-CORE
HM-000472,HH-003153,2314309367,head,active,2025-03-01,,2026-07-04T09:00:00Z,SRO-CORE
HM-000473,HH-003153,2314318493,member,active,2025-03-01,,2026-07-04T09:00:00Z,SRO-CORE
HM-000474,HH-003153,2314327629,member,active,2025-03-01,,2026-07-04T09:00:00Z,SRO-CORE
HM-000475,HH-003154,2314336752,head,active,2025-03-01,,2026-07-04T09:00:00Z,SRO-CORE
HM-000476,HH-003154,2314345883,member,active,2025-03-01,,2026-07-04T09:00:00Z,SRO-CORE
HM-000477,HH-003154,2314355019,member,active,2025-03-01,,2026-07-04T09:00:00Z,SRO-CORE
HM-000478,HH-003155,2314364147,head,active,2025-03-01,,2026-07-04T09:00:00Z,SRO-CORE
HM-000479,HH-003155,2314373276,member,active,2025-03-01,,2026-07-04T09:00:00Z,SRO-CORE
HM-000480,HH-003155,2314382408,member,active,2025-03-01,,2026-07-04T09:00:00Z,SRO-CORE
HM-000481,HH-003156,2314391532,head,active,2025-03-01,,2026-07-04T09:00:00Z,SRO-CORE
HM-000482,HH-003156,2314400662,member,active,2025-03-01,,2026-07-04T09:00:00Z,SRO-CORE
HM-000483,HH-003156,2314409795,member,active,2025-03-01,,2026-07-04T09:00:00Z,SRO-CORE
HM-000484,HH-003157,2314418923,head,active,2025-03-01,,2026-07-04T09:00:00Z,SRO-CORE
HM-000485,HH-003157,2314428052,member,active,2025-03-01,,2026-07-04T09:00:00Z,SRO-CORE
HM-000486,HH-003157,2314437184,member,active,2025-03-01,,2026-07-04T09:00:00Z,SRO-CORE
HM-000487,HH-003158,2314446314,head,active,2025-03-01,,2026-07-04T09:00:00Z,SRO-CORE
HM-000488,HH-003158,2314455444,member,active,2025-03-01,,2026-07-04T09:00:00Z,SRO-CORE
HM-000489,HH-003158,2314464575,member,active,2025-03-01,,2026-07-04T09:00:00Z,SRO-CORE
HM-000490,HH-003159,2314473707,head,active,2025-03-01,,2026-07-04T09:00:00Z,SRO-CORE
HM-000491,HH-003159,2314482836,member,active,2025-03-01,,2026-07-04T09:00:00Z,SRO-CORE
HM-000492,HH-003159,2314491963,member,active,2025-03-01,,2026-07-04T09:00:00Z,SRO-CORE
HM-000493,HH-003160,2314501090,head,active,2025-03-01,,2026-07-04T09:00:00Z,SRO-CORE
HM-000494,HH-003160,2314510227,member,active,2025-03-01,,2026-07-04T09:00:00Z,SRO-CORE
HM-000495,HH-003160,2314519356,member,active,2025-03-01,,2026-07-04T09:00:00Z,SRO-CORE
HM-000496,HH-003161,2314528480,head,active,2025-03-01,,2026-07-04T09:00:00Z,SRO-CORE
HM-000497,HH-003161,2314537613,member,active,2025-03-01,,2026-07-04T09:00:00Z,SRO-CORE
HM-000498,HH-003161,2314546746,member,active,2025-03-01,,2026-07-04T09:00:00Z,SRO-CORE
HM-000499,HH-003162,2314555879,head,active,2025-03-01,,2026-07-04T09:00:00Z,SRO-CORE
HM-000500,HH-003162,2314565005,member,active,2025-03-01,,2026-07-04T09:00:00Z,SRO-CORE
HM-000501,HH-003162,2314574133,member,active,2025-03-01,,2026-07-04T09:00:00Z,SRO-CORE
HM-000502,HH-003163,2314583266,head,active,2025-03-01,,2026-07-04T09:00:00Z,SRO-CORE
HM-000503,HH-003163,2314592397,member,active,2025-03-01,,2026-07-04T09:00:00Z,SRO-CORE
HM-000504,HH-003163,2314601521,member,active,2025-03-01,,2026-07-04T09:00:00Z,SRO-CORE
HM-000505,HH-003164,2314610655,head,active,2025-03-01,,2026-07-04T09:00:00Z,SRO-CORE
HM-000506,HH-003164,2314619784,member,active,2025-03-01,,2026-07-04T09:00:00Z,SRO-CORE
HM-000507,HH-003164,2314628913,member,active,2025-03-01,,2026-07-04T09:00:00Z,SRO-CORE
HM-000508,HH-003165,2314638046,head,active,2025-03-01,,2026-07-04T09:00:00Z,SRO-CORE
HM-000509,HH-003165,2314647170,member,active,2025-03-01,,2026-07-04T09:00:00Z,SRO-CORE
HM-000510,HH-003165,2314656300,member,active,2025-03-01,,2026-07-04T09:00:00Z,SRO-CORE
HM-000511,HH-003166,2314665438,head,active,2025-03-01,,2026-07-04T09:00:00Z,SRO-CORE
HM-000512,HH-003166,2314674560,member,active,2025-03-01,,2026-07-04T09:00:00Z,SRO-CORE
HM-000513,HH-003166,2314683695,member,active,2025-03-01,,2026-07-04T09:00:00Z,SRO-CORE
HM-000514,HH-003167,2314692826,head,active,2025-03-01,,2026-07-04T09:00:00Z,SRO-CORE
HM-000515,HH-003167,2314701950,member,active,2025-03-01,,2026-07-04T09:00:00Z,SRO-CORE
HM-000516,HH-003167,2314711082,member,active,2025-03-01,,2026-07-04T09:00:00Z,SRO-CORE
HM-000517,HH-003168,2314720214,head,active,2025-03-01,,2026-07-04T09:00:00Z,SRO-CORE
HM-000518,HH-003168,2314729348,member,active,2025-03-01,,2026-07-04T09:00:00Z,SRO-CORE
HM-000519,HH-003168,2314738474,member,active,2025-03-01,,2026-07-04T09:00:00Z,SRO-CORE
HM-000520,HH-003169,2314747609,head,active,2025-03-01,,2026-07-04T09:00:00Z,SRO-CORE
HM-000521,HH-003169,2314756731,member,active,2025-03-01,,2026-07-04T09:00:00Z,SRO-CORE
HM-000522,HH-003169,2314765864,member,active,2025-03-01,,2026-07-04T09:00:00Z,SRO-CORE
HM-000523,HH-003170,2314774992,head,active,2025-03-01,,2026-07-04T09:00:00Z,SRO-CORE
HM-000524,HH-003170,2314784120,member,active,2025-03-01,,2026-07-04T09:00:00Z,SRO-CORE
HM-000525,HH-003170,2314793258,member,active,2025-03-01,,2026-07-04T09:00:00Z,SRO-CORE
HM-000526,HH-003171,2314802381,head,active,2025-03-01,,2026-07-04T09:00:00Z,SRO-CORE
HM-000527,HH-003171,2314811518,member,active,2025-03-01,,2026-07-04T09:00:00Z,SRO-CORE
HM-000528,HH-003171,2314820647,member,active,2025-03-01,,2026-07-04T09:00:00Z,SRO-CORE
HM-000529,HH-003172,2314829774,head,active,2025-03-01,,2026-07-04T09:00:00Z,SRO-CORE
HM-000530,HH-003172,2314838904,member,active,2025-03-01,,2026-07-04T09:00:00Z,SRO-CORE
HM-000531,HH-003172,2314848033,member,active,2025-03-01,,2026-07-04T09:00:00Z,SRO-CORE
HM-000532,HH-003173,2314857164,head,active,2025-03-01,,2026-07-04T09:00:00Z,SRO-CORE
HM-000533,HH-003173,2314866295,member,active,2025-03-01,,2026-07-04T09:00:00Z,SRO-CORE
HM-000534,HH-003173,2314875429,member,active,2025-03-01,,2026-07-04T09:00:00Z,SRO-CORE
HM-000535,HH-003174,2314884558,head,active,2025-03-01,,2026-07-04T09:00:00Z,SRO-CORE
HM-000536,HH-003174,2314893686,member,active,2025-03-01,,2026-07-04T09:00:00Z,SRO-CORE
HM-000537,HH-003174,2314902810,member,active,2025-03-01,,2026-07-04T09:00:00Z,SRO-CORE
HM-000538,HH-003175,2314911945,head,active,2025-03-01,,2026-07-04T09:00:00Z,SRO-CORE
HM-000539,HH-003175,2314921077,member,active,2025-03-01,,2026-07-04T09:00:00Z,SRO-CORE
HM-000540,HH-003175,2314930207,member,active,2025-03-01,,2026-07-04T09:00:00Z,SRO-CORE
HM-000541,HH-003176,2314939332,head,active,2025-03-01,,2026-07-04T09:00:00Z,SRO-CORE
HM-000542,HH-003176,2314948468,member,active,2025-03-01,,2026-07-04T09:00:00Z,SRO-CORE
HM-000543,HH-003176,2314957591,member,active,2025-03-01,,2026-07-04T09:00:00Z,SRO-CORE
HM-000544,HH-003177,2314966724,head,active,2025-03-01,,2026-07-04T09:00:00Z,SRO-CORE
HM-000545,HH-003177,2314975854,member,active,2025-03-01,,2026-07-04T09:00:00Z,SRO-CORE
HM-000546,HH-003177,2314984981,member,active,2025-03-01,,2026-07-04T09:00:00Z,SRO-CORE
HM-000547,HH-003178,2314994114,head,active,2025-03-01,,2026-07-04T09:00:00Z,SRO-CORE
HM-000548,HH-003178,2315003248,member,active,2025-03-01,,2026-07-04T09:00:00Z,SRO-CORE
HM-000549,HH-003178,2315012377,member,active,2025-03-01,,2026-07-04T09:00:00Z,SRO-CORE
HM-000550,HH-003179,2315021503,head,active,2025-03-01,,2026-07-04T09:00:00Z,SRO-CORE
HM-000551,HH-003179,2315030634,member,active,2025-03-01,,2026-07-04T09:00:00Z,SRO-CORE
HM-000552,HH-003179,2315039761,member,active,2025-03-01,,2026-07-04T09:00:00Z,SRO-CORE
HM-000553,HH-003180,2315048895,head,active,2025-03-01,,2026-07-04T09:00:00Z,SRO-CORE
HM-000554,HH-003180,2315058025,member,active,2025-03-01,,2026-07-04T09:00:00Z,SRO-CORE
HM-000555,HH-003180,2315067158,member,active,2025-03-01,,2026-07-04T09:00:00Z,SRO-CORE
HM-000556,HH-003181,2315076287,head,active,2025-03-01,,2026-07-04T09:00:00Z,SRO-CORE
HM-000557,HH-003181,2315085410,member,active,2025-03-01,,2026-07-04T09:00:00Z,SRO-CORE
HM-000558,HH-003181,2315094543,member,active,2025-03-01,,2026-07-04T09:00:00Z,SRO-CORE
HM-000559,HH-003182,2315103673,head,active,2025-03-01,,2026-07-04T09:00:00Z,SRO-CORE
HM-000560,HH-003182,2315112807,member,active,2025-03-01,,2026-07-04T09:00:00Z,SRO-CORE
HM-000561,HH-003182,2315121932,member,active,2025-03-01,,2026-07-04T09:00:00Z,SRO-CORE
HM-000562,HH-003183,2315131069,head,active,2025-03-01,,2026-07-04T09:00:00Z,SRO-CORE
HM-000563,HH-003183,2315140197,member,active,2025-03-01,,2026-07-04T09:00:00Z,SRO-CORE
HM-000564,HH-003183,2315149325,member,active,2025-03-01,,2026-07-04T09:00:00Z,SRO-CORE
HM-000565,HH-003184,2315158457,head,active,2025-03-01,,2026-07-04T09:00:00Z,SRO-CORE
HM-000566,HH-003184,2315167586,member,active,2025-03-01,,2026-07-04T09:00:00Z,SRO-CORE
HM-000567,HH-003184,2315176715,member,active,2025-03-01,,2026-07-04T09:00:00Z,SRO-CORE
HM-000568,HH-003185,2315185840,head,active,2025-03-01,,2026-07-04T09:00:00Z,SRO-CORE
HM-000569,HH-003185,2315194979,member,active,2025-03-01,,2026-07-04T09:00:00Z,SRO-CORE
HM-000570,HH-003185,2315204102,member,active,2025-03-01,,2026-07-04T09:00:00Z,SRO-CORE
HM-000571,HH-003186,2315213233,head,active,2025-03-01,,2026-07-04T09:00:00Z,SRO-CORE
HM-000572,HH-003186,2315222369,member,active,2025-03-01,,2026-07-04T09:00:00Z,SRO-CORE
HM-000573,HH-003186,2315231492,member,active,2025-03-01,,2026-07-04T09:00:00Z,SRO-CORE
HM-000574,HH-003187,2315240625,head,active,2025-03-01,,2026-07-04T09:00:00Z,SRO-CORE
HM-000575,HH-003187,2315249751,member,active,2025-03-01,,2026-07-04T09:00:00Z,SRO-CORE
HM-000576,HH-003187,2315259254,member,active,2025-03-01,,2026-07-04T09:00:00Z,SRO-CORE
HM-000577,HH-003188,2315268015,head,active,2025-03-01,,2026-07-04T09:00:00Z,SRO-CORE
HM-000578,HH-003188,2315277145,member,active,2025-03-01,,2026-07-04T09:00:00Z,SRO-CORE
HM-000579,HH-003188,2315286277,member,active,2025-03-01,,2026-07-04T09:00:00Z,SRO-CORE
HM-000580,HH-003189,2315295406,head,active,2025-03-01,,2026-07-04T09:00:00Z,SRO-CORE
HM-000581,HH-003189,2315304535,member,active,2025-03-01,,2026-07-04T09:00:00Z,SRO-CORE
HM-000582,HH-003189,2315313662,member,active,2025-03-01,,2026-07-04T09:00:00Z,SRO-CORE
HM-000583,HH-003190,2315322795,head,active,2025-03-01,,2026-07-04T09:00:00Z,SRO-CORE
HM-000584,HH-003190,2315331920,member,active,2025-03-01,,2026-07-04T09:00:00Z,SRO-CORE
HM-000585,HH-003190,2315341055,member,active,2025-03-01,,2026-07-04T09:00:00Z,SRO-CORE
HM-000586,HH-003191,2315350186,head,active,2025-03-01,,2026-07-04T09:00:00Z,SRO-CORE
HM-000587,HH-003191,2315359312,member,active,2025-03-01,,2026-07-04T09:00:00Z,SRO-CORE
HM-000588,HH-003191,2315368443,member,active,2025-03-01,,2026-07-04T09:00:00Z,SRO-CORE
HM-000589,HH-003192,2315377576,head,active,2025-03-01,,2026-07-04T09:00:00Z,SRO-CORE
HM-000590,HH-003192,2315386706,member,active,2025-03-01,,2026-07-04T09:00:00Z,SRO-CORE
HM-000591,HH-003192,2315395837,member,active,2025-03-01,,2026-07-04T09:00:00Z,SRO-CORE
HM-000592,HH-003193,2315404969,head,active,2025-03-01,,2026-07-04T09:00:00Z,SRO-CORE
HM-000593,HH-003193,2315414095,member,active,2025-03-01,,2026-07-04T09:00:00Z,SRO-CORE
HM-000594,HH-003193,2315423226,member,active,2025-03-01,,2026-07-04T09:00:00Z,SRO-CORE
HM-000595,HH-003194,2315432356,head,active,2025-03-01,,2026-07-04T09:00:00Z,SRO-CORE
HM-000596,HH-003194,2315441485,member,active,2025-03-01,,2026-07-04T09:00:00Z,SRO-CORE
HM-000597,HH-003194,2315450615,member,active,2025-03-01,,2026-07-04T09:00:00Z,SRO-CORE
HM-000598,HH-003195,2315459748,head,active,2025-03-01,,2026-07-04T09:00:00Z,SRO-CORE
HM-000599,HH-003195,2315468877,member,active,2025-03-01,,2026-07-04T09:00:00Z,SRO-CORE
HM-000600,HH-003195,2315478004,member,active,2025-03-01,,2026-07-04T09:00:00Z,SRO-CORE
HM-000601,HH-003196,2315487134,head,active,2025-03-01,,2026-07-04T09:00:00Z,SRO-CORE
HM-000602,HH-003196,2315496264,member,active,2025-03-01,,2026-07-04T09:00:00Z,SRO-CORE
HM-000603,HH-003196,2315505398,member,active,2025-03-01,,2026-07-04T09:00:00Z,SRO-CORE
HM-000604,HH-003197,2315514521,head,active,2025-03-01,,2026-07-04T09:00:00Z,SRO-CORE
HM-000605,HH-003197,2315523650,member,active,2025-03-01,,2026-07-04T09:00:00Z,SRO-CORE
HM-000606,HH-003197,2315532787,member,active,2025-03-01,,2026-07-04T09:00:00Z,SRO-CORE
HM-000607,HH-003198,2315541913,head,active,2025-03-01,,2026-07-04T09:00:00Z,SRO-CORE
HM-000608,HH-003198,2315551043,member,active,2025-03-01,,2026-07-04T09:00:00Z,SRO-CORE
HM-000609,HH-003198,2315560179,member,active,2025-03-01,,2026-07-04T09:00:00Z,SRO-CORE
HM-000610,HH-003199,2315569303,head,active,2025-03-01,,2026-07-04T09:00:00Z,SRO-CORE
HM-000611,HH-003199,2315578437,member,active,2025-03-01,,2026-07-04T09:00:00Z,SRO-CORE
HM-000612,HH-003199,2315587567,member,active,2025-03-01,,2026-07-04T09:00:00Z,SRO-CORE
HM-000613,HH-003200,2315596695,head,active,2025-03-01,,2026-07-04T09:00:00Z,SRO-CORE
HM-000614,HH-003200,2315605828,member,active,2025-03-01,,2026-07-04T09:00:00Z,SRO-CORE
HM-000615,HH-003200,2315614951,member,active,2025-03-01,,2026-07-04T09:00:00Z,SRO-CORE
HM-000616,HH-003201,2315624084,head,active,2025-03-01,,2026-07-04T09:00:00Z,SRO-CORE
HM-000617,HH-003201,2315633215,member,active,2025-03-01,,2026-07-04T09:00:00Z,SRO-CORE
HM-000618,HH-003201,2315642345,member,active,2025-03-01,,2026-07-04T09:00:00Z,SRO-CORE
HM-000619,HH-003202,2315651478,head,active,2025-03-01,,2026-07-04T09:00:00Z,SRO-CORE
HM-000620,HH-003202,2315660603,member,active,2025-03-01,,2026-07-04T09:00:00Z,SRO-CORE
HM-000621,HH-003202,2315669734,member,active,2025-03-01,,2026-07-04T09:00:00Z,SRO-CORE
HM-000622,HH-003203,2315678861,head,active,2025-03-01,,2026-07-04T09:00:00Z,SRO-CORE
HM-000623,HH-003203,2315687997,member,active,2025-03-01,,2026-07-04T09:00:00Z,SRO-CORE
HM-000624,HH-003203,2315697124,member,active,2025-03-01,,2026-07-04T09:00:00Z,SRO-CORE
HM-000625,HH-003204,2315706250,head,active,2025-03-01,,2026-07-04T09:00:00Z,SRO-CORE
HM-000626,HH-003204,2315715389,member,active,2025-03-01,,2026-07-04T09:00:00Z,SRO-CORE
HM-000627,HH-003204,2315724517,member,active,2025-03-01,,2026-07-04T09:00:00Z,SRO-CORE
HM-000628,HH-003205,2315733641,head,active,2025-03-01,,2026-07-04T09:00:00Z,SRO-CORE
HM-000629,HH-003205,2315742773,member,active,2025-03-01,,2026-07-04T09:00:00Z,SRO-CORE
HM-000630,HH-003205,2315751906,member,active,2025-03-01,,2026-07-04T09:00:00Z,SRO-CORE
HM-000631,HH-003206,2315761032,head,active,2025-03-01,,2026-07-04T09:00:00Z,SRO-CORE
HM-000632,HH-003206,2315770167,member,active,2025-03-01,,2026-07-04T09:00:00Z,SRO-CORE
HM-000633,HH-003206,2315779293,member,active,2025-03-01,,2026-07-04T09:00:00Z,SRO-CORE
HM-000634,HH-003207,2315788425,head,active,2025-03-01,,2026-07-04T09:00:00Z,SRO-CORE
HM-000635,HH-003207,2315797555,member,active,2025-03-01,,2026-07-04T09:00:00Z,SRO-CORE
HM-000636,HH-003207,2315806680,member,active,2025-03-01,,2026-07-04T09:00:00Z,SRO-CORE
HM-000637,HH-003208,2315815812,head,active,2025-03-01,,2026-07-04T09:00:00Z,SRO-CORE
HM-000638,HH-003208,2315824941,member,active,2025-03-01,,2026-07-04T09:00:00Z,SRO-CORE
HM-000639,HH-003208,2315834073,member,active,2025-03-01,,2026-07-04T09:00:00Z,SRO-CORE
HM-000640,HH-003209,2315843204,head,active,2025-03-01,,2026-07-04T09:00:00Z,SRO-CORE
HM-000641,HH-003209,2315852330,member,active,2025-03-01,,2026-07-04T09:00:00Z,SRO-CORE
HM-000642,HH-003209,2315861463,member,active,2025-03-01,,2026-07-04T09:00:00Z,SRO-CORE
HM-000643,HH-003210,2315870592,head,active,2025-03-01,,2026-07-04T09:00:00Z,SRO-CORE
HM-000644,HH-003210,2315879723,member,active,2025-03-01,,2026-07-04T09:00:00Z,SRO-CORE
HM-000645,HH-003210,2315889223,member,active,2025-03-01,,2026-07-04T09:00:00Z,SRO-CORE
HM-000646,HH-003211,2315897987,head,active,2025-03-01,,2026-07-04T09:00:00Z,SRO-CORE
HM-000647,HH-003211,2315907119,member,active,2025-03-01,,2026-07-04T09:00:00Z,SRO-CORE
HM-000648,HH-003211,2315916245,member,active,2025-03-01,,2026-07-04T09:00:00Z,SRO-CORE
HM-000649,HH-003212,2315925374,head,active,2025-03-01,,2026-07-04T09:00:00Z,SRO-CORE
HM-000650,HH-003212,2315934504,member,active,2025-03-01,,2026-07-04T09:00:00Z,SRO-CORE
HM-000651,HH-003212,2315943631,member,active,2025-03-01,,2026-07-04T09:00:00Z,SRO-CORE
HM-000652,HH-003213,2315952768,head,active,2025-03-01,,2026-07-04T09:00:00Z,SRO-CORE
HM-000653,HH-003213,2315961897,member,active,2025-03-01,,2026-07-04T09:00:00Z,SRO-CORE
HM-000654,HH-003213,2315971029,member,active,2025-03-01,,2026-07-04T09:00:00Z,SRO-CORE
HM-000655,HH-003214,2315980157,head,active,2025-03-01,,2026-07-04T09:00:00Z,SRO-CORE
HM-000656,HH-003214,2315989282,member,active,2025-03-01,,2026-07-04T09:00:00Z,SRO-CORE
HM-000657,HH-003214,2315998416,member,active,2025-03-01,,2026-07-04T09:00:00Z,SRO-CORE
HM-000658,HH-003215,2316007545,head,active,2025-03-01,,2026-07-04T09:00:00Z,SRO-CORE
HM-000659,HH-003215,2316016679,member,active,2025-03-01,,2026-07-04T09:00:00Z,SRO-CORE
HM-000660,HH-003215,2316025809,member,active,2025-03-01,,2026-07-04T09:00:00Z,SRO-CORE
HM-000661,HH-003216,2316034936,head,active,2025-03-01,,2026-07-04T09:00:00Z,SRO-CORE
HM-000662,HH-003216,2316044067,member,active,2025-03-01,,2026-07-04T09:00:00Z,SRO-CORE
HM-000663,HH-003216,2316053192,member,active,2025-03-01,,2026-07-04T09:00:00Z,SRO-CORE
HM-000664,HH-003217,2316062323,head,active,2025-03-01,,2026-07-04T09:00:00Z,SRO-CORE
HM-000665,HH-003217,2316071453,member,active,2025-03-01,,2026-07-04T09:00:00Z,SRO-CORE
HM-000666,HH-003217,2316080584,member,active,2025-03-01,,2026-07-04T09:00:00Z,SRO-CORE
HM-000667,HH-003218,2316089719,head,active,2025-03-01,,2026-07-04T09:00:00Z,SRO-CORE
HM-000668,HH-003218,2316098842,member,active,2025-03-01,,2026-07-04T09:00:00Z,SRO-CORE
HM-000669,HH-003218,2316107974,member,active,2025-03-01,,2026-07-04T09:00:00Z,SRO-CORE
HM-000670,HH-003219,2316117104,head,active,2025-03-01,,2026-07-04T09:00:00Z,SRO-CORE
HM-000671,HH-003219,2316126234,member,active,2025-03-01,,2026-07-04T09:00:00Z,SRO-CORE
HM-000672,HH-003219,2316135364,member,active,2025-03-01,,2026-07-04T09:00:00Z,SRO-CORE
HM-000673,HH-003220,2316144497,head,active,2025-03-01,,2026-07-04T09:00:00Z,SRO-CORE
HM-000674,HH-003220,2316153627,member,active,2025-03-01,,2026-07-04T09:00:00Z,SRO-CORE
HM-000675,HH-003220,2316162752,member,active,2025-03-01,,2026-07-04T09:00:00Z,SRO-CORE
HM-000676,HH-003221,2316171886,head,active,2025-03-01,,2026-07-04T09:00:00Z,SRO-CORE
HM-000677,HH-003221,2316181010,member,active,2025-03-01,,2026-07-04T09:00:00Z,SRO-CORE
HM-000678,HH-003221,2316190140,member,active,2025-03-01,,2026-07-04T09:00:00Z,SRO-CORE
HM-000679,HH-003222,2316199279,head,active,2025-03-01,,2026-07-04T09:00:00Z,SRO-CORE
HM-000680,HH-003222,2316208409,member,active,2025-03-01,,2026-07-04T09:00:00Z,SRO-CORE
HM-000681,HH-003222,2316217534,member,active,2025-03-01,,2026-07-04T09:00:00Z,SRO-CORE
HM-000682,HH-003223,2316227038,head,active,2025-03-01,,2026-07-04T09:00:00Z,SRO-CORE
HM-000683,HH-003223,2316235799,member,active,2025-03-01,,2026-07-04T09:00:00Z,SRO-CORE
HM-000684,HH-003223,2316244923,member,active,2025-03-01,,2026-07-04T09:00:00Z,SRO-CORE
HM-000685,HH-003224,2316254057,head,active,2025-03-01,,2026-07-04T09:00:00Z,SRO-CORE
HM-000686,HH-003224,2316263188,member,active,2025-03-01,,2026-07-04T09:00:00Z,SRO-CORE
HM-000687,HH-003224,2316272315,member,active,2025-03-01,,2026-07-04T09:00:00Z,SRO-CORE
HM-000688,HH-003225,2316281440,head,active,2025-03-01,,2026-07-04T09:00:00Z,SRO-CORE
HM-000689,HH-003225,2316290578,member,active,2025-03-01,,2026-07-04T09:00:00Z,SRO-CORE
HM-000690,HH-003225,2316299703,member,active,2025-03-01,,2026-07-04T09:00:00Z,SRO-CORE
HM-000691,HH-003226,2316308836,head,active,2025-03-01,,2026-07-04T09:00:00Z,SRO-CORE
HM-000692,HH-003226,2316317964,member,active,2025-03-01,,2026-07-04T09:00:00Z,SRO-CORE
HM-000693,HH-003226,2316327091,member,active,2025-03-01,,2026-07-04T09:00:00Z,SRO-CORE
HM-000694,HH-003227,2316336224,head,active,2025-03-01,,2026-07-04T09:00:00Z,SRO-CORE
HM-000695,HH-003227,2316345350,member,active,2025-03-01,,2026-07-04T09:00:00Z,SRO-CORE
HM-000696,HH-003227,2316354489,member,active,2025-03-01,,2026-07-04T09:00:00Z,SRO-CORE
HM-000697,HH-003228,2316363619,head,active,2025-03-01,,2026-07-04T09:00:00Z,SRO-CORE
HM-000698,HH-003228,2316372743,member,active,2025-03-01,,2026-07-04T09:00:00Z,SRO-CORE
HM-000699,HH-003228,2316381876,member,active,2025-03-01,,2026-07-04T09:00:00Z,SRO-CORE
HM-000700,HH-003229,2316391007,head,active,2025-03-01,,2026-07-04T09:00:00Z,SRO-CORE
HM-000701,HH-003229,2316400136,member,active,2025-03-01,,2026-07-04T09:00:00Z,SRO-CORE
HM-000702,HH-003229,2316409265,member,active,2025-03-01,,2026-07-04T09:00:00Z,SRO-CORE
HM-000703,HH-003230,2316418397,head,active,2025-03-01,,2026-07-04T09:00:00Z,SRO-CORE
HM-000704,HH-003230,2316427527,member,active,2025-03-01,,2026-07-04T09:00:00Z,SRO-CORE
HM-000705,HH-003230,2316436657,member,active,2025-03-01,,2026-07-04T09:00:00Z,SRO-CORE
HM-000706,HH-003231,2316445781,head,active,2025-03-01,,2026-07-04T09:00:00Z,SRO-CORE
HM-000707,HH-003231,2316454913,member,active,2025-03-01,,2026-07-04T09:00:00Z,SRO-CORE
HM-000708,HH-003231,2316464045,member,active,2025-03-01,,2026-07-04T09:00:00Z,SRO-CORE
HM-000709,HH-003232,2316473174,head,active,2025-03-01,,2026-07-04T09:00:00Z,SRO-CORE
HM-000710,HH-003232,2316482302,member,active,2025-03-01,,2026-07-04T09:00:00Z,SRO-CORE
HM-000711,HH-003232,2316491431,member,active,2025-03-01,,2026-07-04T09:00:00Z,SRO-CORE
HM-000712,HH-003233,2316500563,head,active,2025-03-01,,2026-07-04T09:00:00Z,SRO-CORE
HM-000713,HH-003233,2316509694,member,active,2025-03-01,,2026-07-04T09:00:00Z,SRO-CORE
HM-000714,HH-003233,2316518824,member,active,2025-03-01,,2026-07-04T09:00:00Z,SRO-CORE
HM-000715,HH-003234,2316527950,head,active,2025-03-01,,2026-07-04T09:00:00Z,SRO-CORE
HM-000716,HH-003234,2316537080,member,active,2025-03-01,,2026-07-04T09:00:00Z,SRO-CORE
HM-000717,HH-003234,2316546210,member,active,2025-03-01,,2026-07-04T09:00:00Z,SRO-CORE
HM-000718,HH-003235,2316555347,head,active,2025-03-01,,2026-07-04T09:00:00Z,SRO-CORE
HM-000719,HH-003235,2316564477,member,active,2025-03-01,,2026-07-04T09:00:00Z,SRO-CORE
HM-000720,HH-003235,2316573602,member,active,2025-03-01,,2026-07-04T09:00:00Z,SRO-CORE
HM-000721,HH-003236,2316582738,head,active,2025-03-01,,2026-07-04T09:00:00Z,SRO-CORE
HM-000722,HH-003236,2316591860,member,active,2025-03-01,,2026-07-04T09:00:00Z,SRO-CORE
HM-000723,HH-003236,2316600991,member,active,2025-03-01,,2026-07-04T09:00:00Z,SRO-CORE
HM-000724,HH-003237,2316610129,head,active,2025-03-01,,2026-07-04T09:00:00Z,SRO-CORE
HM-000725,HH-003237,2316619251,member,active,2025-03-01,,2026-07-04T09:00:00Z,SRO-CORE
HM-000726,HH-003237,2316628382,member,active,2025-03-01,,2026-07-04T09:00:00Z,SRO-CORE
HM-000727,HH-003238,2316637519,head,active,2025-03-01,,2026-07-04T09:00:00Z,SRO-CORE
HM-000728,HH-003238,2316646645,member,active,2025-03-01,,2026-07-04T09:00:00Z,SRO-CORE
HM-000729,HH-003238,2316655774,member,active,2025-03-01,,2026-07-04T09:00:00Z,SRO-CORE
HM-000730,HH-003239,2316670082,head,active,2025-03-01,,2026-07-04T09:00:00Z,SRO-CORE
HM-000731,HH-003239,2316674035,member,active,2025-03-01,,2026-07-04T09:00:00Z,SRO-CORE
HM-000732,HH-003239,2316683168,member,active,2025-03-01,,2026-07-04T09:00:00Z,SRO-CORE
HM-000733,HH-003240,2316692291,head,active,2025-03-01,,2026-07-04T09:00:00Z,SRO-CORE
HM-000734,HH-003240,2316701428,member,active,2025-03-01,,2026-07-04T09:00:00Z,SRO-CORE
HM-000735,HH-003240,2316710550,member,active,2025-03-01,,2026-07-04T09:00:00Z,SRO-CORE
HM-000736,HH-003241,2316719682,head,active,2025-03-01,,2026-07-04T09:00:00Z,SRO-CORE
HM-000737,HH-003241,2316728817,member,active,2025-03-01,,2026-07-04T09:00:00Z,SRO-CORE
HM-000738,HH-003241,2316737942,member,active,2025-03-01,,2026-07-04T09:00:00Z,SRO-CORE
HM-000739,HH-003242,2316747079,head,active,2025-03-01,,2026-07-04T09:00:00Z,SRO-CORE
HM-000740,HH-003242,2316756209,member,active,2025-03-01,,2026-07-04T09:00:00Z,SRO-CORE
HM-000741,HH-003242,2316765336,member,active,2025-03-01,,2026-07-04T09:00:00Z,SRO-CORE
HM-000742,HH-003243,2316774465,head,active,2025-03-01,,2026-07-04T09:00:00Z,SRO-CORE
HM-000743,HH-003243,2316783594,member,active,2025-03-01,,2026-07-04T09:00:00Z,SRO-CORE
HM-000744,HH-003243,2316792723,member,active,2025-03-01,,2026-07-04T09:00:00Z,SRO-CORE
HM-000745,HH-003244,2316801858,head,active,2025-03-01,,2026-07-04T09:00:00Z,SRO-CORE
HM-000746,HH-003244,2316810981,member,active,2025-03-01,,2026-07-04T09:00:00Z,SRO-CORE
HM-000747,HH-003244,2316820114,member,active,2025-03-01,,2026-07-04T09:00:00Z,SRO-CORE
HM-000748,HH-003245,2316829240,head,active,2025-03-01,,2026-07-04T09:00:00Z,SRO-CORE
HM-000749,HH-003245,2316838371,member,active,2025-03-01,,2026-07-04T09:00:00Z,SRO-CORE
HM-000750,HH-003245,2316847503,member,active,2025-03-01,,2026-07-04T09:00:00Z,SRO-CORE
HM-000751,HH-003246,2316856634,head,active,2025-03-01,,2026-07-04T09:00:00Z,SRO-CORE
HM-000752,HH-003246,2316865768,member,active,2025-03-01,,2026-07-04T09:00:00Z,SRO-CORE
HM-000753,HH-003246,2316874895,member,active,2025-03-01,,2026-07-04T09:00:00Z,SRO-CORE
HM-000754,HH-003247,2316884028,head,active,2025-03-01,,2026-07-04T09:00:00Z,SRO-CORE
HM-000755,HH-003247,2316893155,member,active,2025-03-01,,2026-07-04T09:00:00Z,SRO-CORE
HM-000756,HH-003247,2316902284,member,active,2025-03-01,,2026-07-04T09:00:00Z,SRO-CORE
HM-000757,HH-003248,2316911416,head,active,2025-03-01,,2026-07-04T09:00:00Z,SRO-CORE
HM-000758,HH-003248,2316920546,member,active,2025-03-01,,2026-07-04T09:00:00Z,SRO-CORE
HM-000759,HH-003248,2316929677,member,active,2025-03-01,,2026-07-04T09:00:00Z,SRO-CORE
HM-000760,HH-003249,2316938803,head,active,2025-03-01,,2026-07-04T09:00:00Z,SRO-CORE
HM-000761,HH-003249,2316947933,member,active,2025-03-01,,2026-07-04T09:00:00Z,SRO-CORE
HM-000762,HH-003249,2316957063,member,active,2025-03-01,,2026-07-04T09:00:00Z,SRO-CORE
HM-000763,HH-003250,2316966190,head,active,2025-03-01,,2026-07-04T09:00:00Z,SRO-CORE
HM-000764,HH-003250,2316975321,member,active,2025-03-01,,2026-07-04T09:00:00Z,SRO-CORE
HM-000765,HH-003250,2316984456,member,active,2025-03-01,,2026-07-04T09:00:00Z,SRO-CORE
HM-000766,HH-003251,2316993589,head,active,2025-03-01,,2026-07-04T09:00:00Z,SRO-CORE
HM-000767,HH-003251,2317002717,member,active,2025-03-01,,2026-07-04T09:00:00Z,SRO-CORE
HM-000768,HH-003251,2317011842,member,active,2025-03-01,,2026-07-04T09:00:00Z,SRO-CORE
HM-000769,HH-003252,2317020978,head,active,2025-03-01,,2026-07-04T09:00:00Z,SRO-CORE
HM-000770,HH-003252,2317030107,member,active,2025-03-01,,2026-07-04T09:00:00Z,SRO-CORE
HM-000771,HH-003252,2317039235,member,active,2025-03-01,,2026-07-04T09:00:00Z,SRO-CORE
HM-000772,HH-003253,2317048367,head,active,2025-03-01,,2026-07-04T09:00:00Z,SRO-CORE
HM-000773,HH-003253,2317057496,member,active,2025-03-01,,2026-07-04T09:00:00Z,SRO-CORE
HM-000774,HH-003253,2317066993,member,active,2025-03-01,,2026-07-04T09:00:00Z,SRO-CORE
HM-000775,HH-003254,2317075758,head,active,2025-03-01,,2026-07-04T09:00:00Z,SRO-CORE
HM-000776,HH-003254,2317084886,member,active,2025-03-01,,2026-07-04T09:00:00Z,SRO-CORE
HM-000777,HH-003254,2317094018,member,active,2025-03-01,,2026-07-04T09:00:00Z,SRO-CORE
HM-000778,HH-003255,2317103143,head,active,2025-03-01,,2026-07-04T09:00:00Z,SRO-CORE
HM-000779,HH-003255,2317112276,member,active,2025-03-01,,2026-07-04T09:00:00Z,SRO-CORE
HM-000780,HH-003255,2317121402,member,active,2025-03-01,,2026-07-04T09:00:00Z,SRO-CORE
HM-000781,HH-003256,2317130534,head,active,2025-03-01,,2026-07-04T09:00:00Z,SRO-CORE
HM-000782,HH-003256,2317140033,member,active,2025-03-01,,2026-07-04T09:00:00Z,SRO-CORE
HM-000783,HH-003256,2317148799,member,active,2025-03-01,,2026-07-04T09:00:00Z,SRO-CORE
HM-000784,HH-003257,2317157928,head,active,2025-03-01,,2026-07-04T09:00:00Z,SRO-CORE
HM-000785,HH-003257,2317167058,member,active,2025-03-01,,2026-07-04T09:00:00Z,SRO-CORE
HM-000786,HH-003257,2317176184,member,active,2025-03-01,,2026-07-04T09:00:00Z,SRO-CORE
HM-000787,HH-003258,2317185317,head,active,2025-03-01,,2026-07-04T09:00:00Z,SRO-CORE
HM-000788,HH-003258,2317194442,member,active,2025-03-01,,2026-07-04T09:00:00Z,SRO-CORE
HM-000789,HH-003258,2317203578,member,active,2025-03-01,,2026-07-04T09:00:00Z,SRO-CORE
HM-000790,HH-003259,2317212704,head,active,2025-03-01,,2026-07-04T09:00:00Z,SRO-CORE
HM-000791,HH-003259,2317221839,member,active,2025-03-01,,2026-07-04T09:00:00Z,SRO-CORE
HM-000792,HH-003259,2317230966,member,active,2025-03-01,,2026-07-04T09:00:00Z,SRO-CORE
HM-000793,HH-003260,2317240094,head,active,2025-03-01,,2026-07-04T09:00:00Z,SRO-CORE
HM-000794,HH-003260,2317249220,member,active,2025-03-01,,2026-07-04T09:00:00Z,SRO-CORE
HM-000795,HH-003260,2317258357,member,active,2025-03-01,,2026-07-04T09:00:00Z,SRO-CORE
HM-000796,HH-003261,2317267480,head,active,2025-03-01,,2026-07-04T09:00:00Z,SRO-CORE
HM-000797,HH-003261,2317276616,member,active,2025-03-01,,2026-07-04T09:00:00Z,SRO-CORE
HM-000798,HH-003261,2317285745,member,active,2025-03-01,,2026-07-04T09:00:00Z,SRO-CORE
HM-000799,HH-003262,2317294872,head,active,2025-03-01,,2026-07-04T09:00:00Z,SRO-CORE
HM-000800,HH-003262,2317304001,member,active,2025-03-01,,2026-07-04T09:00:00Z,SRO-CORE
HM-000801,HH-003262,2317313138,member,active,2025-03-01,,2026-07-04T09:00:00Z,SRO-CORE
HM-000802,HH-003263,2317322267,head,active,2025-03-01,,2026-07-04T09:00:00Z,SRO-CORE
HM-000803,HH-003263,2317331396,member,active,2025-03-01,,2026-07-04T09:00:00Z,SRO-CORE
HM-000804,HH-003263,2317340528,member,active,2025-03-01,,2026-07-04T09:00:00Z,SRO-CORE
HM-000805,HH-003264,2317349656,head,active,2025-03-01,,2026-07-04T09:00:00Z,SRO-CORE
HM-000806,HH-003264,2317358787,member,active,2025-03-01,,2026-07-04T09:00:00Z,SRO-CORE
HM-000807,HH-003264,2317367917,member,active,2025-03-01,,2026-07-04T09:00:00Z,SRO-CORE
HM-000808,HH-003265,2317377048,head,active,2025-03-01,,2026-07-04T09:00:00Z,SRO-CORE
HM-000809,HH-003265,2317386170,member,active,2025-03-01,,2026-07-04T09:00:00Z,SRO-CORE
HM-000810,HH-003265,2317395300,member,active,2025-03-01,,2026-07-04T09:00:00Z,SRO-CORE
HM-000811,HH-003266,2317404437,head,active,2025-03-01,,2026-07-04T09:00:00Z,SRO-CORE
HM-000812,HH-003266,2317413564,member,active,2025-03-01,,2026-07-04T09:00:00Z,SRO-CORE
HM-000813,HH-003266,2317422690,member,active,2025-03-01,,2026-07-04T09:00:00Z,SRO-CORE
HM-000814,HH-003267,2317431822,head,active,2025-03-01,,2026-07-04T09:00:00Z,SRO-CORE
HM-000815,HH-003267,2317440950,member,active,2025-03-01,,2026-07-04T09:00:00Z,SRO-CORE
HM-000816,HH-003267,2317450089,member,active,2025-03-01,,2026-07-04T09:00:00Z,SRO-CORE
HM-000817,HH-003268,2317459214,head,active,2025-03-01,,2026-07-04T09:00:00Z,SRO-CORE
HM-000818,HH-003268,2317468347,member,active,2025-03-01,,2026-07-04T09:00:00Z,SRO-CORE
HM-000819,HH-003268,2317477479,member,active,2025-03-01,,2026-07-04T09:00:00Z,SRO-CORE
HM-000820,HH-003269,2317486602,head,active,2025-03-01,,2026-07-04T09:00:00Z,SRO-CORE
HM-000821,HH-003269,2317495735,member,active,2025-03-01,,2026-07-04T09:00:00Z,SRO-CORE
HM-000822,HH-003269,2317504868,member,active,2025-03-01,,2026-07-04T09:00:00Z,SRO-CORE
HM-000823,HH-003270,2317513995,head,active,2025-03-01,,2026-07-04T09:00:00Z,SRO-CORE
HM-000824,HH-003270,2317523122,member,active,2025-03-01,,2026-07-04T09:00:00Z,SRO-CORE
HM-000825,HH-003270,2317532256,member,active,2025-03-01,,2026-07-04T09:00:00Z,SRO-CORE
HM-000826,HH-003271,2317541384,head,active,2025-03-01,,2026-07-04T09:00:00Z,SRO-CORE
HM-000827,HH-003271,2317550519,member,active,2025-03-01,,2026-07-04T09:00:00Z,SRO-CORE
HM-000828,HH-003271,2317559644,member,active,2025-03-01,,2026-07-04T09:00:00Z,SRO-CORE
HM-000829,HH-003272,2317568776,head,active,2025-03-01,,2026-07-04T09:00:00Z,SRO-CORE
HM-000830,HH-003272,2317577902,member,active,2025-03-01,,2026-07-04T09:00:00Z,SRO-CORE
HM-000831,HH-003272,2317587033,member,active,2025-03-01,,2026-07-04T09:00:00Z,SRO-CORE
HM-000832,HH-003273,2317596165,head,active,2025-03-01,,2026-07-04T09:00:00Z,SRO-CORE
HM-000833,HH-003273,2317605290,member,active,2025-03-01,,2026-07-04T09:00:00Z,SRO-CORE
HM-000834,HH-003273,2317614426,member,active,2025-03-01,,2026-07-04T09:00:00Z,SRO-CORE
